2026-07-12 17:18:17 [INFO] mixmaster.project: Proyecto creado: C:\Users\bruno\AppData\Local\Temp\mixmaster_test_dihyb488\Cancion_De_Prueba_v01
2026-07-12 17:18:18 [INFO] mixmaster.analysis: Cargando mezcla.wav…
2026-07-12 17:18:18 [INFO] mixmaster.analysis: Midiendo loudness (LUFS)…
2026-07-12 17:18:18 [INFO] mixmaster.analysis: Midiendo true peak y dinámica…
2026-07-12 17:18:18 [INFO] mixmaster.analysis: Analizando balance espectral…
2026-07-12 17:18:19 [INFO] mixmaster.analysis: Analizando imagen estéreo…
2026-07-12 17:18:19 [INFO] mixmaster.analysis: Analizando secciones…
2026-07-12 17:18:19 [INFO] mixmaster.analysis: Comparando contra referencia.wav (nivelado en loudness)…
2026-07-12 17:18:19 [INFO] mixmaster.analysis: Generando alertas…
2026-07-12 17:18:19 [INFO] mixmaster.analysis: Análisis completado.
2026-07-12 17:18:19 [INFO] mixmaster.analysis: Cargando clipeado.wav…
2026-07-12 17:18:19 [INFO] mixmaster.analysis: Midiendo loudness (LUFS)…
2026-07-12 17:18:20 [INFO] mixmaster.analysis: Midiendo true peak y dinámica…
2026-07-12 17:18:20 [INFO] mixmaster.analysis: Analizando balance espectral…
2026-07-12 17:18:20 [INFO] mixmaster.analysis: Analizando imagen estéreo…
2026-07-12 17:18:20 [INFO] mixmaster.analysis: Generando alertas…
2026-07-12 17:18:20 [INFO] mixmaster.analysis: Análisis completado.
2026-07-12 17:18:20 [INFO] mixmaster.report: Diagnóstico guardado: C:\Users\bruno\AppData\Local\Temp\mixmaster_test_dihyb488\Cancion_De_Prueba_v01\04_analisis\diagnostico_v01.json
2026-07-12 17:18:20 [INFO] mixmaster.decisions: Decisión guardada en C:\Users\bruno\AppData\Local\Temp\mixmaster_test_dihyb488\Cancion_De_Prueba_v01\decisiones-y-feedback.md
2026-07-12 17:24:39 [INFO] mixmaster.project: Proyecto creado: C:\Users\bruno\AppData\Local\Temp\mixmaster_test_u4s402bd\Cancion_De_Prueba_v01
2026-07-12 17:24:40 [INFO] mixmaster.analysis: Cargando mezcla.wav…
2026-07-12 17:24:40 [INFO] mixmaster.analysis: Midiendo loudness (LUFS)…
2026-07-12 17:24:40 [INFO] mixmaster.analysis: Midiendo true peak y dinámica…
2026-07-12 17:24:40 [INFO] mixmaster.analysis: Analizando balance espectral…
2026-07-12 17:24:40 [INFO] mixmaster.analysis: Analizando imagen estéreo…
2026-07-12 17:24:40 [INFO] mixmaster.analysis: Analizando secciones…
2026-07-12 17:24:41 [INFO] mixmaster.analysis: Comparando contra referencia.wav (nivelado en loudness)…
2026-07-12 17:24:41 [INFO] mixmaster.analysis: Generando alertas…
2026-07-12 17:24:41 [INFO] mixmaster.analysis: Análisis completado.
2026-07-12 17:24:41 [INFO] mixmaster.analysis: Cargando clipeado.wav…
2026-07-12 17:24:41 [INFO] mixmaster.analysis: Midiendo loudness (LUFS)…
2026-07-12 17:24:41 [INFO] mixmaster.analysis: Midiendo true peak y dinámica…
2026-07-12 17:24:41 [INFO] mixmaster.analysis: Analizando balance espectral…
2026-07-12 17:24:42 [INFO] mixmaster.analysis: Analizando imagen estéreo…
2026-07-12 17:24:42 [INFO] mixmaster.analysis: Generando alertas…
2026-07-12 17:24:42 [INFO] mixmaster.analysis: Análisis completado.
2026-07-12 17:24:42 [INFO] mixmaster.report: Diagnóstico guardado: C:\Users\bruno\AppData\Local\Temp\mixmaster_test_u4s402bd\Cancion_De_Prueba_v01\04_analisis\diagnostico_v01.json
2026-07-12 17:24:42 [INFO] mixmaster.decisions: Decisión guardada en C:\Users\bruno\AppData\Local\Temp\mixmaster_test_u4s402bd\Cancion_De_Prueba_v01\decisiones-y-feedback.md
2026-07-13 17:31:12 [INFO] mixmaster.project: Proyecto creado: C:\Users\bruno\AppData\Local\Temp\mixmaster_test_3m7h2qg9\Cancion_De_Prueba_v01
2026-07-13 17:31:12 [INFO] mixmaster.analysis: Cargando mezcla.wav…
2026-07-13 17:31:12 [INFO] mixmaster.analysis: Midiendo loudness (LUFS)…
2026-07-13 17:31:13 [INFO] mixmaster.analysis: Midiendo true peak y dinámica…
2026-07-13 17:31:13 [INFO] mixmaster.analysis: Analizando balance espectral…
2026-07-13 17:31:13 [INFO] mixmaster.analysis: Analizando imagen estéreo…
2026-07-13 17:31:13 [INFO] mixmaster.analysis: Analizando secciones…
2026-07-13 17:31:13 [INFO] mixmaster.analysis: Comparando contra referencia.wav (nivelado en loudness)…
2026-07-13 17:31:14 [INFO] mixmaster.analysis: Generando alertas…
2026-07-13 17:31:14 [INFO] mixmaster.analysis: Análisis completado.
2026-07-13 17:31:14 [INFO] mixmaster.analysis: Cargando clipeado.wav…
2026-07-13 17:31:14 [INFO] mixmaster.analysis: Midiendo loudness (LUFS)…
2026-07-13 17:31:14 [INFO] mixmaster.analysis: Midiendo true peak y dinámica…
2026-07-13 17:31:14 [INFO] mixmaster.analysis: Analizando balance espectral…
2026-07-13 17:31:14 [INFO] mixmaster.analysis: Analizando imagen estéreo…
2026-07-13 17:31:14 [INFO] mixmaster.analysis: Generando alertas…
2026-07-13 17:31:14 [INFO] mixmaster.analysis: Análisis completado.
2026-07-13 17:31:14 [INFO] mixmaster.report: Diagnóstico guardado: C:\Users\bruno\AppData\Local\Temp\mixmaster_test_3m7h2qg9\Cancion_De_Prueba_v01\04_analisis\diagnostico_v01.json
2026-07-13 17:31:14 [INFO] mixmaster.decisions: Decisión guardada en C:\Users\bruno\AppData\Local\Temp\mixmaster_test_3m7h2qg9\Cancion_De_Prueba_v01\decisiones-y-feedback.md
2026-07-13 17:31:14 [INFO] mixmaster.profiles: Plantilla creada: D:\PROYECTOS REPOSITORIOS\DAW IA\MixMaster\config\perfiles\bruno.md
2026-07-13 17:31:14 [INFO] mixmaster.profiles: Plantilla creada: D:\PROYECTOS REPOSITORIOS\DAW IA\MixMaster\config\perfiles\daniel.md
2026-07-13 17:31:14 [INFO] mixmaster.profiles: Plantilla creada: D:\PROYECTOS REPOSITORIOS\DAW IA\MixMaster\config\generos\math_rock.md
2026-07-13 17:31:14 [INFO] mixmaster.profiles: Plantilla creada: D:\PROYECTOS REPOSITORIOS\DAW IA\MixMaster\config\generos\funk.md
2026-07-13 17:31:14 [INFO] mixmaster.profiles: Umbrales creados: D:\PROYECTOS REPOSITORIOS\DAW IA\MixMaster\config\generos\math_rock.json
2026-07-13 17:31:14 [INFO] mixmaster.profiles: Umbrales creados: D:\PROYECTOS REPOSITORIOS\DAW IA\MixMaster\config\generos\funk.json
2026-07-13 17:31:14 [INFO] mixmaster.profiles: Perfil v0.1 (perfil_bruno.md) conservado; la app usa perfiles/ y generos/
2026-07-13 17:31:15 [INFO] mixmaster.profiles: Perfil v0.1 (perfil_bruno.md) conservado; la app usa perfiles/ y generos/
2026-07-13 17:31:24 [INFO] mixmaster.profiles: Perfil v0.1 (perfil_bruno.md) conservado; la app usa perfiles/ y generos/
2026-07-13 17:39:43 [INFO] mixmaster.profiles: Perfil v0.1 (perfil_bruno.md) conservado; la app usa perfiles/ y generos/
2026-07-13 17:40:28 [INFO] mixmaster.profiles: Perfil v0.1 (perfil_bruno.md) conservado; la app usa perfiles/ y generos/
2026-07-13 17:48:14 [INFO] mixmaster.profiles: Perfil v0.1 (perfil_bruno.md) conservado; la app usa perfiles/ y generos/
2026-07-13 17:48:28 [INFO] mixmaster.main: MixMaster iniciado
2026-07-13 17:49:53 [INFO] mixmaster.project: Proyecto creado: D:\PROYECTOS REPOSITORIOS\DAW IA\MixMaster\proyectos\PRUEBA_MIX_1
2026-07-13 18:15:15 [INFO] mixmaster.project: Proyecto creado: C:\Users\bruno\AppData\Local\Temp\mixmaster_test_ewn3ssz7\Cancion_De_Prueba_v01
2026-07-13 18:15:16 [INFO] mixmaster.analysis: Cargando mezcla.wav…
2026-07-13 18:15:16 [INFO] mixmaster.analysis: Midiendo loudness (LUFS)…
2026-07-13 18:15:16 [INFO] mixmaster.analysis: Midiendo true peak y dinámica…
2026-07-13 18:15:16 [INFO] mixmaster.analysis: Analizando balance espectral…
2026-07-13 18:15:16 [INFO] mixmaster.analysis: Analizando imagen estéreo…
2026-07-13 18:15:16 [INFO] mixmaster.analysis: Analizando secciones…
2026-07-13 18:15:17 [INFO] mixmaster.analysis: Comparando contra referencia.wav (nivelado en loudness)…
2026-07-13 18:15:17 [INFO] mixmaster.analysis: Generando alertas…
2026-07-13 18:15:17 [INFO] mixmaster.analysis: Análisis completado.
2026-07-13 18:15:17 [INFO] mixmaster.analysis: Cargando mezcla.wav…
2026-07-13 18:15:17 [INFO] mixmaster.analysis: Midiendo loudness (LUFS)…
2026-07-13 18:15:17 [INFO] mixmaster.analysis: Midiendo true peak y dinámica…
2026-07-13 18:15:18 [INFO] mixmaster.analysis: Analizando balance espectral…
2026-07-13 18:15:18 [INFO] mixmaster.analysis: Analizando imagen estéreo…
2026-07-13 18:15:18 [INFO] mixmaster.analysis: Comparando contra referencia.mp3 (nivelado en loudness)…
2026-07-13 18:15:18 [INFO] mixmaster.analysis: Generando alertas…
2026-07-13 18:15:18 [INFO] mixmaster.analysis: Análisis completado.
2026-07-13 18:15:18 [INFO] mixmaster.analysis: Cargando mezcla.mp3…
2026-07-13 18:15:18 [INFO] mixmaster.analysis: Midiendo loudness (LUFS)…
2026-07-13 18:15:19 [INFO] mixmaster.analysis: Midiendo true peak y dinámica…
2026-07-13 18:15:19 [INFO] mixmaster.analysis: Analizando balance espectral…
2026-07-13 18:15:19 [INFO] mixmaster.analysis: Analizando imagen estéreo…
2026-07-13 18:15:19 [INFO] mixmaster.analysis: Generando alertas…
2026-07-13 18:15:19 [INFO] mixmaster.analysis: Análisis completado.
2026-07-13 18:15:19 [INFO] mixmaster.analysis: Cargando clipeado.wav…
2026-07-13 18:15:19 [INFO] mixmaster.analysis: Midiendo loudness (LUFS)…
2026-07-13 18:15:20 [INFO] mixmaster.analysis: Midiendo true peak y dinámica…
2026-07-13 18:15:20 [INFO] mixmaster.analysis: Analizando balance espectral…
2026-07-13 18:15:20 [INFO] mixmaster.analysis: Analizando imagen estéreo…
2026-07-13 18:15:20 [INFO] mixmaster.analysis: Generando alertas…
2026-07-13 18:15:20 [INFO] mixmaster.analysis: Análisis completado.
2026-07-13 18:15:20 [INFO] mixmaster.report: Diagnóstico guardado: C:\Users\bruno\AppData\Local\Temp\mixmaster_test_ewn3ssz7\Cancion_De_Prueba_v01\04_analisis\diagnostico_v01.json
2026-07-13 18:15:20 [INFO] mixmaster.decisions: Decisión guardada en C:\Users\bruno\AppData\Local\Temp\mixmaster_test_ewn3ssz7\Cancion_De_Prueba_v01\decisiones-y-feedback.md
2026-07-13 18:15:20 [INFO] mixmaster.profiles: Perfil v0.1 (perfil_bruno.md) conservado; la app usa perfiles/ y generos/
2026-07-13 18:15:20 [INFO] mixmaster.profiles: Perfil v0.1 (perfil_bruno.md) conservado; la app usa perfiles/ y generos/
2026-07-13 18:15:22 [INFO] mixmaster.profiles: Perfil v0.1 (perfil_bruno.md) conservado; la app usa perfiles/ y generos/
2026-07-13 18:15:22 [INFO] mixmaster.project: Proyecto abierto: D:\PROYECTOS REPOSITORIOS\DAW IA\MixMaster\proyectos\PRUEBA_MIX_1
2026-07-13 18:21:29 [INFO] mixmaster.profiles: Perfil v0.1 (perfil_bruno.md) conservado; la app usa perfiles/ y generos/
2026-07-13 18:21:29 [INFO] mixmaster.project: Proyecto abierto: D:\PROYECTOS REPOSITORIOS\DAW IA\MixMaster\proyectos\PRUEBA_MIX_1
2026-07-13 18:21:29 [INFO] mixmaster.main: MixMaster iniciado
2026-07-13 18:22:50 [INFO] mixmaster.analysis: Cargando wav mix.wav…
2026-07-13 18:22:50 [INFO] mixmaster.analysis: Midiendo loudness (LUFS)…
2026-07-13 18:22:50 [INFO] mixmaster.analysis: Midiendo true peak y dinámica…
2026-07-13 18:22:50 [INFO] mixmaster.analysis: Analizando balance espectral…
2026-07-13 18:22:50 [INFO] mixmaster.analysis: Analizando imagen estéreo…
2026-07-13 18:22:51 [INFO] mixmaster.analysis: Comparando contra 11 - Thanks.mp3 (nivelado en loudness)…
2026-07-13 18:22:52 [INFO] mixmaster.analysis: Generando alertas…
2026-07-13 18:22:52 [INFO] mixmaster.analysis: Análisis completado.
2026-07-13 18:22:52 [INFO] mixmaster.report: Diagnóstico guardado: D:\PROYECTOS REPOSITORIOS\DAW IA\MixMaster\proyectos\PRUEBA_MIX_1\04_analisis\diagnostico_v01.json
2026-07-13 18:36:44 [INFO] mixmaster.project: Proyecto abierto: D:\PROYECTOS REPOSITORIOS\DAW IA\MixMaster\proyectos\PRUEBA_MIX_1
2026-07-13 18:36:44 [INFO] mixmaster.decisions: Decisión guardada en D:\PROYECTOS REPOSITORIOS\DAW IA\MixMaster\proyectos\PRUEBA_MIX_1\decisiones-y-feedback.md
2026-07-13 18:40:31 [INFO] mixmaster.profiles: Perfil v0.1 (perfil_bruno.md) conservado; la app usa perfiles/ y generos/
2026-07-13 18:40:31 [INFO] mixmaster.project: Proyecto abierto: D:\PROYECTOS REPOSITORIOS\DAW IA\MixMaster\proyectos\PRUEBA_MIX_1
2026-07-13 18:41:11 [INFO] mixmaster.profiles: Perfil v0.1 (perfil_bruno.md) conservado; la app usa perfiles/ y generos/
2026-07-13 18:41:11 [INFO] mixmaster.project: Proyecto abierto: D:\PROYECTOS REPOSITORIOS\DAW IA\MixMaster\proyectos\PRUEBA_MIX_1
2026-07-13 18:41:11 [INFO] mixmaster.main: MixMaster iniciado
2026-07-13 18:42:58 [INFO] mixmaster.analysis: Cargando wav mix.wav…
2026-07-13 18:42:58 [INFO] mixmaster.analysis: Midiendo loudness (LUFS)…
2026-07-13 18:42:59 [INFO] mixmaster.analysis: Midiendo true peak y dinámica…
2026-07-13 18:42:59 [INFO] mixmaster.analysis: Analizando balance espectral…
2026-07-13 18:42:59 [INFO] mixmaster.analysis: Analizando imagen estéreo…
2026-07-13 18:42:59 [INFO] mixmaster.analysis: Comparando contra 3 - Gift.mp3 (nivelado en loudness)…
2026-07-13 18:43:01 [INFO] mixmaster.analysis: Generando alertas…
2026-07-13 18:43:01 [INFO] mixmaster.analysis: Análisis completado.
2026-07-13 18:43:01 [INFO] mixmaster.report: Diagnóstico guardado: D:\PROYECTOS REPOSITORIOS\DAW IA\MixMaster\proyectos\PRUEBA_MIX_1\04_analisis\diagnostico_v01.json
2026-07-13 18:51:24 [INFO] mixmaster.project: Proyecto creado: C:\Users\bruno\AppData\Local\Temp\mixmaster_test_so5zd5dx\Cancion_De_Prueba_v01
2026-07-13 18:51:25 [INFO] mixmaster.analysis: Cargando mezcla.wav…
2026-07-13 18:51:25 [INFO] mixmaster.analysis: Midiendo loudness (LUFS)…
2026-07-13 18:51:25 [INFO] mixmaster.analysis: Midiendo true peak y dinámica…
2026-07-13 18:51:25 [INFO] mixmaster.analysis: Analizando balance espectral…
2026-07-13 18:51:25 [INFO] mixmaster.analysis: Analizando imagen estéreo…
2026-07-13 18:51:25 [INFO] mixmaster.analysis: Analizando secciones…
2026-07-13 18:51:26 [INFO] mixmaster.analysis: Comparando contra referencia.wav (nivelado en loudness)…
2026-07-13 18:51:26 [INFO] mixmaster.analysis: Generando alertas…
2026-07-13 18:51:26 [INFO] mixmaster.analysis: Análisis completado.
2026-07-13 18:51:26 [INFO] mixmaster.analysis: Cargando mezcla.wav…
2026-07-13 18:51:26 [INFO] mixmaster.analysis: Midiendo loudness (LUFS)…
2026-07-13 18:51:26 [INFO] mixmaster.analysis: Midiendo true peak y dinámica…
2026-07-13 18:51:26 [INFO] mixmaster.analysis: Analizando balance espectral…
2026-07-13 18:51:27 [INFO] mixmaster.analysis: Analizando imagen estéreo…
2026-07-13 18:51:27 [INFO] mixmaster.analysis: Comparando contra referencia.mp3 (nivelado en loudness)…
2026-07-13 18:51:27 [INFO] mixmaster.analysis: Generando alertas…
2026-07-13 18:51:27 [INFO] mixmaster.analysis: Análisis completado.
2026-07-13 18:51:27 [INFO] mixmaster.analysis: Cargando mezcla.mp3…
2026-07-13 18:51:27 [INFO] mixmaster.analysis: Midiendo loudness (LUFS)…
2026-07-13 18:51:28 [INFO] mixmaster.analysis: Midiendo true peak y dinámica…
2026-07-13 18:51:28 [INFO] mixmaster.analysis: Analizando balance espectral…
2026-07-13 18:51:28 [INFO] mixmaster.analysis: Analizando imagen estéreo…
2026-07-13 18:51:28 [INFO] mixmaster.analysis: Generando alertas…
2026-07-13 18:51:28 [INFO] mixmaster.analysis: Análisis completado.
2026-07-13 18:51:28 [INFO] mixmaster.processing: Cargando mezcla…
2026-07-13 18:51:28 [INFO] mixmaster.processing: Comparando con la referencia (nivelada)…
2026-07-13 18:51:28 [INFO] mixmaster.processing: Aplicando EQ correctivo (máx ±4 dB por banda)…
2026-07-13 18:51:29 [INFO] mixmaster.processing: Normalizando a -10.0 LUFS…
2026-07-13 18:51:29 [INFO] mixmaster.processing: Limitando picos (techo -1 dBTP)…
2026-07-13 18:51:29 [INFO] mixmaster.processing: Exportando WAV y MP3…
2026-07-13 18:51:30 [INFO] mixmaster.processing: Master listo.
2026-07-13 18:51:30 [INFO] mixmaster.processing: Master: {'wav': 'C:\\Users\\bruno\\AppData\\Local\\Temp\\mixmaster_test_so5zd5dx\\Cancion_De_Prueba_v01\\06_masters\\master_v01_mezcla.wav', 'mp3': 'C:\\Users\\bruno\\AppData\\Local\\Temp\\mixmaster_test_so5zd5dx\\Cancion_De_Prueba_v01\\07_entregables\\master_v01_mezcla.mp3', 'lufs_final': -10.3, 'true_peak_final': -0.3, 'target_lufs': -10.0, 'eq_aplicado_db': {'sub': -0.2, 'low': -0.2, 'low_mid': -0.2, 'mid': -0.1, 'high_mid': -0.1, 'air': 0.4}}
2026-07-13 18:51:30 [INFO] mixmaster.analysis: Cargando master_v01_mezcla.wav…
2026-07-13 18:51:30 [INFO] mixmaster.analysis: Midiendo loudness (LUFS)…
2026-07-13 18:51:30 [INFO] mixmaster.analysis: Midiendo true peak y dinámica…
2026-07-13 18:51:30 [INFO] mixmaster.analysis: Analizando balance espectral…
2026-07-13 18:51:30 [INFO] mixmaster.analysis: Analizando imagen estéreo…
2026-07-13 18:51:31 [INFO] mixmaster.analysis: Comparando contra referencia.wav (nivelado en loudness)…
2026-07-13 18:51:31 [INFO] mixmaster.analysis: Generando alertas…
2026-07-13 18:51:31 [INFO] mixmaster.analysis: Análisis completado.
2026-07-13 18:51:31 [INFO] mixmaster.analysis: Cargando clipeado.wav…
2026-07-13 18:51:31 [INFO] mixmaster.analysis: Midiendo loudness (LUFS)…
2026-07-13 18:51:31 [INFO] mixmaster.analysis: Midiendo true peak y dinámica…
2026-07-13 18:51:31 [INFO] mixmaster.analysis: Analizando balance espectral…
2026-07-13 18:51:31 [INFO] mixmaster.analysis: Analizando imagen estéreo…
2026-07-13 18:51:32 [INFO] mixmaster.analysis: Generando alertas…
2026-07-13 18:51:32 [INFO] mixmaster.analysis: Análisis completado.
2026-07-13 18:51:32 [INFO] mixmaster.report: Diagnóstico guardado: C:\Users\bruno\AppData\Local\Temp\mixmaster_test_so5zd5dx\Cancion_De_Prueba_v01\04_analisis\diagnostico_v01.json
2026-07-13 18:51:32 [INFO] mixmaster.decisions: Decisión guardada en C:\Users\bruno\AppData\Local\Temp\mixmaster_test_so5zd5dx\Cancion_De_Prueba_v01\decisiones-y-feedback.md
2026-07-13 18:51:32 [INFO] mixmaster.profiles: Perfil v0.1 (perfil_bruno.md) conservado; la app usa perfiles/ y generos/
2026-07-13 18:51:32 [INFO] mixmaster.profiles: Perfil v0.1 (perfil_bruno.md) conservado; la app usa perfiles/ y generos/
2026-07-13 18:51:33 [INFO] mixmaster.profiles: Perfil v0.1 (perfil_bruno.md) conservado; la app usa perfiles/ y generos/
2026-07-13 18:51:33 [INFO] mixmaster.project: Proyecto abierto: D:\PROYECTOS REPOSITORIOS\DAW IA\MixMaster\proyectos\PRUEBA_MIX_1
2026-07-13 18:54:21 [INFO] mixmaster.project: Proyecto creado: C:\Users\bruno\AppData\Local\Temp\mixmaster_test_x_k1kj3m\Cancion_De_Prueba_v01
2026-07-13 18:54:22 [INFO] mixmaster.analysis: Cargando mezcla.wav…
2026-07-13 18:54:22 [INFO] mixmaster.analysis: Midiendo loudness (LUFS)…
2026-07-13 18:54:22 [INFO] mixmaster.analysis: Midiendo true peak y dinámica…
2026-07-13 18:54:22 [INFO] mixmaster.analysis: Analizando balance espectral…
2026-07-13 18:54:22 [INFO] mixmaster.analysis: Analizando imagen estéreo…
2026-07-13 18:54:22 [INFO] mixmaster.analysis: Analizando secciones…
2026-07-13 18:54:23 [INFO] mixmaster.analysis: Comparando contra referencia.wav (nivelado en loudness)…
2026-07-13 18:54:23 [INFO] mixmaster.analysis: Generando alertas…
2026-07-13 18:54:23 [INFO] mixmaster.analysis: Análisis completado.
2026-07-13 18:54:23 [INFO] mixmaster.analysis: Cargando mezcla.wav…
2026-07-13 18:54:23 [INFO] mixmaster.analysis: Midiendo loudness (LUFS)…
2026-07-13 18:54:23 [INFO] mixmaster.analysis: Midiendo true peak y dinámica…
2026-07-13 18:54:23 [INFO] mixmaster.analysis: Analizando balance espectral…
2026-07-13 18:54:23 [INFO] mixmaster.analysis: Analizando imagen estéreo…
2026-07-13 18:54:24 [INFO] mixmaster.analysis: Comparando contra referencia.mp3 (nivelado en loudness)…
2026-07-13 18:54:24 [INFO] mixmaster.analysis: Generando alertas…
2026-07-13 18:54:24 [INFO] mixmaster.analysis: Análisis completado.
2026-07-13 18:54:24 [INFO] mixmaster.analysis: Cargando mezcla.mp3…
2026-07-13 18:54:24 [INFO] mixmaster.analysis: Midiendo loudness (LUFS)…
2026-07-13 18:54:25 [INFO] mixmaster.analysis: Midiendo true peak y dinámica…
2026-07-13 18:54:25 [INFO] mixmaster.analysis: Analizando balance espectral…
2026-07-13 18:54:25 [INFO] mixmaster.analysis: Analizando imagen estéreo…
2026-07-13 18:54:25 [INFO] mixmaster.analysis: Generando alertas…
2026-07-13 18:54:25 [INFO] mixmaster.analysis: Análisis completado.
2026-07-13 18:54:25 [INFO] mixmaster.processing: Cargando mezcla…
2026-07-13 18:54:25 [INFO] mixmaster.processing: Comparando con la referencia (nivelada)…
2026-07-13 18:54:25 [INFO] mixmaster.processing: Aplicando EQ correctivo (máx ±4 dB por banda)…
2026-07-13 18:54:26 [INFO] mixmaster.processing: Normalizando a -10.0 LUFS…
2026-07-13 18:54:26 [INFO] mixmaster.processing: Limitando picos (techo -1 dBTP)…
2026-07-13 18:54:27 [INFO] mixmaster.processing: Exportando WAV y MP3…
2026-07-13 18:54:27 [INFO] mixmaster.processing: Master listo.
2026-07-13 18:54:27 [INFO] mixmaster.processing: Master: {'wav': 'C:\\Users\\bruno\\AppData\\Local\\Temp\\mixmaster_test_x_k1kj3m\\Cancion_De_Prueba_v01\\06_masters\\master_v01_mezcla.wav', 'mp3': 'C:\\Users\\bruno\\AppData\\Local\\Temp\\mixmaster_test_x_k1kj3m\\Cancion_De_Prueba_v01\\07_entregables\\master_v01_mezcla.mp3', 'lufs_final': -10.3, 'true_peak_final': -1.2, 'target_lufs': -10.0, 'eq_aplicado_db': {'sub': -0.2, 'low': -0.2, 'low_mid': -0.2, 'mid': -0.1, 'high_mid': -0.1, 'air': 0.4}}
2026-07-13 18:54:27 [INFO] mixmaster.analysis: Cargando master_v01_mezcla.wav…
2026-07-13 18:54:27 [INFO] mixmaster.analysis: Midiendo loudness (LUFS)…
2026-07-13 18:54:27 [INFO] mixmaster.analysis: Midiendo true peak y dinámica…
2026-07-13 18:54:27 [INFO] mixmaster.analysis: Analizando balance espectral…
2026-07-13 18:54:28 [INFO] mixmaster.analysis: Analizando imagen estéreo…
2026-07-13 18:54:28 [INFO] mixmaster.analysis: Comparando contra referencia.wav (nivelado en loudness)…
2026-07-13 18:54:28 [INFO] mixmaster.analysis: Generando alertas…
2026-07-13 18:54:28 [INFO] mixmaster.analysis: Análisis completado.
2026-07-13 18:54:28 [INFO] mixmaster.analysis: Cargando clipeado.wav…
2026-07-13 18:54:28 [INFO] mixmaster.analysis: Midiendo loudness (LUFS)…
2026-07-13 18:54:28 [INFO] mixmaster.analysis: Midiendo true peak y dinámica…
2026-07-13 18:54:29 [INFO] mixmaster.analysis: Analizando balance espectral…
2026-07-13 18:54:29 [INFO] mixmaster.analysis: Analizando imagen estéreo…
2026-07-13 18:54:29 [INFO] mixmaster.analysis: Generando alertas…
2026-07-13 18:54:29 [INFO] mixmaster.analysis: Análisis completado.
2026-07-13 18:54:29 [INFO] mixmaster.report: Diagnóstico guardado: C:\Users\bruno\AppData\Local\Temp\mixmaster_test_x_k1kj3m\Cancion_De_Prueba_v01\04_analisis\diagnostico_v01.json
2026-07-13 18:54:29 [INFO] mixmaster.decisions: Decisión guardada en C:\Users\bruno\AppData\Local\Temp\mixmaster_test_x_k1kj3m\Cancion_De_Prueba_v01\decisiones-y-feedback.md
2026-07-13 18:54:29 [INFO] mixmaster.profiles: Perfil v0.1 (perfil_bruno.md) conservado; la app usa perfiles/ y generos/
2026-07-13 18:54:29 [INFO] mixmaster.profiles: Perfil v0.1 (perfil_bruno.md) conservado; la app usa perfiles/ y generos/
2026-07-13 18:56:48 [INFO] mixmaster.profiles: Perfil v0.1 (perfil_bruno.md) conservado; la app usa perfiles/ y generos/
2026-07-13 18:56:48 [INFO] mixmaster.project: Proyecto abierto: D:\PROYECTOS REPOSITORIOS\DAW IA\MixMaster\proyectos\PRUEBA_MIX_1
2026-07-13 19:02:51 [INFO] mixmaster.project: Proyecto creado: C:\Users\bruno\AppData\Local\Temp\mixmaster_test_bgn8ux1c\Cancion_De_Prueba_v01
2026-07-13 19:02:52 [INFO] mixmaster.analysis: Cargando mezcla.wav…
2026-07-13 19:02:52 [INFO] mixmaster.analysis: Midiendo loudness (LUFS)…
2026-07-13 19:02:52 [INFO] mixmaster.analysis: Midiendo true peak y dinámica…
2026-07-13 19:02:52 [INFO] mixmaster.analysis: Analizando balance espectral…
2026-07-13 19:02:52 [INFO] mixmaster.analysis: Analizando imagen estéreo…
2026-07-13 19:02:52 [INFO] mixmaster.analysis: Analizando secciones…
2026-07-13 19:02:52 [INFO] mixmaster.analysis: Comparando contra referencia.wav (nivelado en loudness)…
2026-07-13 19:02:53 [INFO] mixmaster.analysis: Generando alertas…
2026-07-13 19:02:53 [INFO] mixmaster.analysis: Análisis completado.
2026-07-13 19:02:53 [INFO] mixmaster.analysis: Cargando mezcla.wav…
2026-07-13 19:02:53 [INFO] mixmaster.analysis: Midiendo loudness (LUFS)…
2026-07-13 19:02:53 [INFO] mixmaster.analysis: Midiendo true peak y dinámica…
2026-07-13 19:02:53 [INFO] mixmaster.analysis: Analizando balance espectral…
2026-07-13 19:02:53 [INFO] mixmaster.analysis: Analizando imagen estéreo…
2026-07-13 19:02:54 [INFO] mixmaster.analysis: Comparando contra referencia.mp3 (nivelado en loudness)…
2026-07-13 19:02:54 [INFO] mixmaster.analysis: Generando alertas…
2026-07-13 19:02:54 [INFO] mixmaster.analysis: Análisis completado.
2026-07-13 19:02:54 [INFO] mixmaster.analysis: Cargando mezcla.mp3…
2026-07-13 19:02:54 [INFO] mixmaster.analysis: Midiendo loudness (LUFS)…
2026-07-13 19:02:54 [INFO] mixmaster.analysis: Midiendo true peak y dinámica…
2026-07-13 19:02:55 [INFO] mixmaster.analysis: Analizando balance espectral…
2026-07-13 19:02:55 [INFO] mixmaster.analysis: Analizando imagen estéreo…
2026-07-13 19:02:55 [INFO] mixmaster.analysis: Generando alertas…
2026-07-13 19:02:55 [INFO] mixmaster.analysis: Análisis completado.
2026-07-13 19:02:55 [INFO] mixmaster.processing: Cargando mezcla…
2026-07-13 19:02:55 [INFO] mixmaster.processing: Comparando con la referencia (nivelada)…
2026-07-13 19:02:55 [INFO] mixmaster.processing: Aplicando EQ correctivo (máx ±4 dB por banda)…
2026-07-13 19:02:55 [INFO] mixmaster.processing: Normalizando a -10.0 LUFS…
2026-07-13 19:02:55 [INFO] mixmaster.processing: Limitando picos (techo -1 dBTP)…
2026-07-13 19:02:57 [INFO] mixmaster.processing: Exportando WAV y MP3…
2026-07-13 19:02:57 [INFO] mixmaster.processing: Master listo.
2026-07-13 19:02:57 [INFO] mixmaster.processing: Master: {'wav': 'C:\\Users\\bruno\\AppData\\Local\\Temp\\mixmaster_test_bgn8ux1c\\Cancion_De_Prueba_v01\\06_masters\\master_v01_mezcla.wav', 'mp3': 'C:\\Users\\bruno\\AppData\\Local\\Temp\\mixmaster_test_bgn8ux1c\\Cancion_De_Prueba_v01\\07_entregables\\master_v01_mezcla.mp3', 'lufs_final': -10.3, 'true_peak_final': -1.2, 'target_lufs': -10.0, 'eq_aplicado_db': {'sub': -0.2, 'low': -0.2, 'low_mid': -0.2, 'mid': -0.1, 'high_mid': -0.1, 'air': 0.4}}
2026-07-13 19:02:57 [INFO] mixmaster.analysis: Cargando master_v01_mezcla.wav…
2026-07-13 19:02:57 [INFO] mixmaster.analysis: Midiendo loudness (LUFS)…
2026-07-13 19:02:57 [INFO] mixmaster.analysis: Midiendo true peak y dinámica…
2026-07-13 19:02:57 [INFO] mixmaster.analysis: Analizando balance espectral…
2026-07-13 19:02:57 [INFO] mixmaster.analysis: Analizando imagen estéreo…
2026-07-13 19:02:58 [INFO] mixmaster.analysis: Comparando contra referencia.wav (nivelado en loudness)…
2026-07-13 19:02:58 [INFO] mixmaster.analysis: Generando alertas…
2026-07-13 19:02:58 [INFO] mixmaster.analysis: Análisis completado.
2026-07-13 19:02:58 [INFO] mixmaster.stems: Config de stems creada: D:\PROYECTOS REPOSITORIOS\DAW IA\MixMaster\config\stems.json
2026-07-13 19:02:58 [INFO] mixmaster.stems: Procesando stem 1/3: bass_di.wav…
2026-07-13 19:02:58 [INFO] mixmaster.stems: Procesando stem 2/3: gtr_L.wav…
2026-07-13 19:02:58 [INFO] mixmaster.stems: Procesando stem 3/3: OH_drums.wav…
2026-07-13 19:02:58 [INFO] mixmaster.stems: Stems listos: 3 procesados, 0 errores.
2026-07-13 19:02:58 [INFO] mixmaster.analysis: Cargando clipeado.wav…
2026-07-13 19:02:58 [INFO] mixmaster.analysis: Midiendo loudness (LUFS)…
2026-07-13 19:02:58 [INFO] mixmaster.analysis: Midiendo true peak y dinámica…
2026-07-13 19:02:59 [INFO] mixmaster.analysis: Analizando balance espectral…
2026-07-13 19:02:59 [INFO] mixmaster.analysis: Analizando imagen estéreo…
2026-07-13 19:02:59 [INFO] mixmaster.analysis: Generando alertas…
2026-07-13 19:02:59 [INFO] mixmaster.analysis: Análisis completado.
2026-07-13 19:02:59 [INFO] mixmaster.report: Diagnóstico guardado: C:\Users\bruno\AppData\Local\Temp\mixmaster_test_bgn8ux1c\Cancion_De_Prueba_v01\04_analisis\diagnostico_v01.json
2026-07-13 19:02:59 [INFO] mixmaster.decisions: Decisión guardada en C:\Users\bruno\AppData\Local\Temp\mixmaster_test_bgn8ux1c\Cancion_De_Prueba_v01\decisiones-y-feedback.md
2026-07-13 19:02:59 [INFO] mixmaster.profiles: Perfil v0.1 (perfil_bruno.md) conservado; la app usa perfiles/ y generos/
2026-07-13 19:02:59 [INFO] mixmaster.profiles: Perfil v0.1 (perfil_bruno.md) conservado; la app usa perfiles/ y generos/
2026-07-13 19:03:01 [INFO] mixmaster.profiles: Perfil v0.1 (perfil_bruno.md) conservado; la app usa perfiles/ y generos/
2026-07-13 19:03:01 [INFO] mixmaster.project: Proyecto abierto: D:\PROYECTOS REPOSITORIOS\DAW IA\MixMaster\proyectos\PRUEBA_MIX_1
2026-07-13 19:04:50 [INFO] mixmaster.profiles: Perfil v0.1 (perfil_bruno.md) conservado; la app usa perfiles/ y generos/
2026-07-13 19:04:50 [INFO] mixmaster.project: Proyecto abierto: D:\PROYECTOS REPOSITORIOS\DAW IA\MixMaster\proyectos\PRUEBA_MIX_1
2026-07-13 19:04:50 [INFO] mixmaster.main: MixMaster iniciado
2026-07-13 19:05:34 [INFO] mixmaster.analysis: Cargando wav mix.wav…
2026-07-13 19:05:34 [INFO] mixmaster.analysis: Midiendo loudness (LUFS)…
2026-07-13 19:05:34 [INFO] mixmaster.analysis: Midiendo true peak y dinámica…
2026-07-13 19:05:34 [INFO] mixmaster.analysis: Analizando balance espectral…
2026-07-13 19:05:35 [INFO] mixmaster.analysis: Analizando imagen estéreo…
2026-07-13 19:05:35 [INFO] mixmaster.analysis: Comparando contra 9 - Spike.mp3 (nivelado en loudness)…
2026-07-13 19:05:36 [INFO] mixmaster.analysis: Generando alertas…
2026-07-13 19:05:36 [INFO] mixmaster.analysis: Análisis completado.
2026-07-13 19:05:36 [INFO] mixmaster.report: Diagnóstico guardado: D:\PROYECTOS REPOSITORIOS\DAW IA\MixMaster\proyectos\PRUEBA_MIX_1\04_analisis\diagnostico_v01.json
2026-07-13 19:05:54 [INFO] mixmaster.processing: Cargando mezcla…
2026-07-13 19:05:54 [INFO] mixmaster.processing: Comparando con la referencia (nivelada)…
2026-07-13 19:05:55 [INFO] mixmaster.processing: Aplicando EQ correctivo (máx ±4 dB por banda)…
2026-07-13 19:05:55 [INFO] mixmaster.processing: Normalizando a -9.5 LUFS…
2026-07-13 19:05:55 [INFO] mixmaster.processing: Limitando picos (techo -1 dBTP)…
2026-07-13 19:05:57 [INFO] mixmaster.processing: Exportando WAV y MP3…
2026-07-13 19:05:57 [INFO] mixmaster.processing: Master listo.
2026-07-13 19:05:57 [INFO] mixmaster.processing: Master: {'wav': 'D:\\PROYECTOS REPOSITORIOS\\DAW IA\\MixMaster\\proyectos\\PRUEBA_MIX_1\\06_masters\\master_v01_wav mix.wav', 'mp3': 'D:\\PROYECTOS REPOSITORIOS\\DAW IA\\MixMaster\\proyectos\\PRUEBA_MIX_1\\07_entregables\\master_v01_wav mix.mp3', 'lufs_final': -10.8, 'true_peak_final': -1.2, 'target_lufs': -9.5, 'eq_aplicado_db': {'sub': 4.0, 'low': -1.7, 'low_mid': -0.2, 'mid': 4.0, 'high_mid': 4.0, 'air': 4.0}}
2026-07-13 19:07:38 [INFO] mixmaster.profiles: Perfil v0.1 (perfil_bruno.md) conservado; la app usa perfiles/ y generos/
2026-07-13 19:07:38 [INFO] mixmaster.project: Proyecto abierto: D:\PROYECTOS REPOSITORIOS\DAW IA\MixMaster\proyectos\PRUEBA_MIX_1
2026-07-13 19:30:48 [INFO] mixmaster.profiles: Perfil v0.1 (perfil_bruno.md) conservado; la app usa perfiles/ y generos/
2026-07-13 19:30:48 [INFO] mixmaster.project: Proyecto abierto: D:\PROYECTOS REPOSITORIOS\DAW IA\MixMaster\proyectos\PRUEBA_MIX_1
2026-07-13 19:30:48 [INFO] mixmaster.main: MixMaster iniciado
2026-07-13 20:16:21 [INFO] mixmaster.profiles: Perfil v0.1 (perfil_bruno.md) conservado; la app usa perfiles/ y generos/
2026-07-13 20:16:21 [INFO] mixmaster.project: Proyecto abierto: D:\PROYECTOS REPOSITORIOS\DAW IA\MixMaster\proyectos\PRUEBA_MIX_1
2026-07-13 20:16:21 [INFO] mixmaster.main: MixMaster iniciado
2026-07-13 20:16:46 [INFO] mixmaster.analysis: Cargando wav mix.wav…
2026-07-13 20:16:46 [INFO] mixmaster.analysis: Midiendo loudness (LUFS)…
2026-07-13 20:16:46 [INFO] mixmaster.analysis: Midiendo true peak y dinámica…
2026-07-13 20:16:47 [INFO] mixmaster.analysis: Analizando balance espectral…
2026-07-13 20:16:47 [INFO] mixmaster.analysis: Analizando imagen estéreo…
2026-07-13 20:16:47 [INFO] mixmaster.analysis: Comparando contra Waterslide.mp3 (nivelado en loudness)…
2026-07-13 20:16:48 [INFO] mixmaster.analysis: Generando alertas…
2026-07-13 20:16:48 [INFO] mixmaster.analysis: Análisis completado.
2026-07-13 20:16:48 [INFO] mixmaster.report: Diagnóstico guardado: D:\PROYECTOS REPOSITORIOS\DAW IA\MixMaster\proyectos\PRUEBA_MIX_1\04_analisis\diagnostico_v02.json
2026-07-13 20:17:22 [INFO] mixmaster.processing: Cargando mezcla…
2026-07-13 20:17:22 [INFO] mixmaster.processing: Comparando con la referencia (nivelada)…
2026-07-13 20:17:23 [INFO] mixmaster.processing: Aplicando EQ correctivo (máx ±4 dB por banda)…
2026-07-13 20:17:23 [INFO] mixmaster.processing: Normalizando a -9.5 LUFS…
2026-07-13 20:17:24 [INFO] mixmaster.processing: Limitando picos (techo -1 dBTP)…
2026-07-13 20:17:25 [INFO] mixmaster.processing: Exportando WAV y MP3…
2026-07-13 20:17:26 [INFO] mixmaster.processing: Master listo.
2026-07-13 20:17:26 [INFO] mixmaster.processing: Master: {'wav': 'D:\\PROYECTOS REPOSITORIOS\\DAW IA\\MixMaster\\proyectos\\PRUEBA_MIX_1\\06_masters\\master_v02_wav mix.wav', 'mp3': 'D:\\PROYECTOS REPOSITORIOS\\DAW IA\\MixMaster\\proyectos\\PRUEBA_MIX_1\\07_entregables\\master_v02_wav mix.mp3', 'lufs_final': -10.7, 'true_peak_final': -1.2, 'target_lufs': -9.5, 'eq_aplicado_db': {'sub': -4.0, 'low': -1.0, 'low_mid': 1.2, 'mid': 4.0, 'high_mid': 4.0, 'air': 4.0}}
2026-07-13 21:21:28 [INFO] mixmaster.profiles: Perfil v0.1 (perfil_bruno.md) conservado; la app usa perfiles/ y generos/
2026-07-13 21:21:28 [INFO] mixmaster.project: Proyecto abierto: D:\PROYECTOS REPOSITORIOS\DAW IA\MixMaster\proyectos\PRUEBA_MIX_1
2026-07-13 21:21:28 [INFO] mixmaster.main: MixMaster iniciado
2026-07-13 22:52:22 [INFO] mixmaster.project: Proyecto creado: C:\Users\bruno\AppData\Local\Temp\mixmaster_test_zw767qaa\Cancion_De_Prueba_v01
2026-07-13 22:52:23 [INFO] mixmaster.analysis: Cargando mezcla.wav…
2026-07-13 22:52:23 [INFO] mixmaster.analysis: Midiendo loudness (LUFS)…
2026-07-13 22:52:23 [INFO] mixmaster.analysis: Midiendo true peak y dinámica…
2026-07-13 22:52:23 [INFO] mixmaster.analysis: Analizando balance espectral…
2026-07-13 22:52:23 [INFO] mixmaster.analysis: Analizando imagen estéreo…
2026-07-13 22:52:24 [INFO] mixmaster.analysis: Analizando secciones…
2026-07-13 22:52:24 [INFO] mixmaster.analysis: Comparando contra referencia.wav (nivelado en loudness)…
2026-07-13 22:52:24 [INFO] mixmaster.analysis: Generando alertas…
2026-07-13 22:52:24 [INFO] mixmaster.analysis: Análisis completado.
2026-07-13 22:52:24 [INFO] mixmaster.analysis: Cargando mezcla.wav…
2026-07-13 22:52:24 [INFO] mixmaster.analysis: Midiendo loudness (LUFS)…
2026-07-13 22:52:24 [INFO] mixmaster.analysis: Midiendo true peak y dinámica…
2026-07-13 22:52:25 [INFO] mixmaster.analysis: Analizando balance espectral…
2026-07-13 22:52:25 [INFO] mixmaster.analysis: Analizando imagen estéreo…
2026-07-13 22:52:25 [INFO] mixmaster.analysis: Comparando contra referencia.mp3 (nivelado en loudness)…
2026-07-13 22:52:25 [INFO] mixmaster.analysis: Generando alertas…
2026-07-13 22:52:25 [INFO] mixmaster.analysis: Análisis completado.
2026-07-13 22:52:26 [INFO] mixmaster.analysis: Cargando mezcla.mp3…
2026-07-13 22:52:26 [INFO] mixmaster.analysis: Midiendo loudness (LUFS)…
2026-07-13 22:52:26 [INFO] mixmaster.analysis: Midiendo true peak y dinámica…
2026-07-13 22:52:26 [INFO] mixmaster.analysis: Analizando balance espectral…
2026-07-13 22:52:26 [INFO] mixmaster.analysis: Analizando imagen estéreo…
2026-07-13 22:52:27 [INFO] mixmaster.analysis: Generando alertas…
2026-07-13 22:52:27 [INFO] mixmaster.analysis: Análisis completado.
2026-07-13 22:52:27 [INFO] mixmaster.processing: Config de master creada: D:\PROYECTOS REPOSITORIOS\DAW IA\MixMaster\config\master.json
2026-07-13 22:52:27 [INFO] mixmaster.processing: Cargando mezcla…
2026-07-13 22:52:27 [INFO] mixmaster.processing: Analizando la referencia (nivelada en loudness)…
2026-07-13 22:52:27 [INFO] mixmaster.processing: Aplicando EQ correctivo 7 bandas (máx ±4 dB)…
2026-07-13 22:52:27 [INFO] mixmaster.processing: Ajustando imagen estéreo por banda…
2026-07-13 22:52:28 [INFO] mixmaster.processing: Normalizando a -10.0 LUFS…
2026-07-13 22:52:28 [INFO] mixmaster.processing: Limitando picos (techo -1 dBTP)…
2026-07-13 22:52:29 [INFO] mixmaster.processing: Exportando WAV 24-bit y MP3…
2026-07-13 22:52:30 [INFO] mixmaster.processing: Master listo.
2026-07-13 22:52:30 [INFO] mixmaster.processing: Master: {'wav': 'C:\\Users\\bruno\\AppData\\Local\\Temp\\mixmaster_test_zw767qaa\\Cancion_De_Prueba_v01\\06_masters\\master_v01_mezcla.wav', 'mp3': 'C:\\Users\\bruno\\AppData\\Local\\Temp\\mixmaster_test_zw767qaa\\Cancion_De_Prueba_v01\\07_entregables\\master_v01_mezcla.mp3', 'lufs_final': -10.3, 'true_peak_final': -1.2, 'crest_final': 11.5, 'target_lufs': -10.0, 'eq_aplicado_db': {'sub': -0.2, 'low': -0.2, 'low_mid': -0.2, 'mid': -0.1, 'high_mid': -0.1, 'high': 0.4, 'air': 0.4}, 'ajuste_ancho_db': {}, 'densidad_aplicada': False, 'fuente': 'mezcla'}
2026-07-13 22:52:30 [INFO] mixmaster.analysis: Cargando master_v01_mezcla.wav…
2026-07-13 22:52:30 [INFO] mixmaster.analysis: Midiendo loudness (LUFS)…
2026-07-13 22:52:30 [INFO] mixmaster.analysis: Midiendo true peak y dinámica…
2026-07-13 22:52:30 [INFO] mixmaster.analysis: Analizando balance espectral…
2026-07-13 22:52:30 [INFO] mixmaster.analysis: Analizando imagen estéreo…
2026-07-13 22:52:31 [INFO] mixmaster.analysis: Comparando contra referencia.wav (nivelado en loudness)…
2026-07-13 22:52:31 [INFO] mixmaster.analysis: Generando alertas…
2026-07-13 22:52:31 [INFO] mixmaster.analysis: Análisis completado.
2026-07-13 22:52:31 [INFO] mixmaster.processing: Cargando mezcla…
2026-07-13 22:52:31 [INFO] mixmaster.processing: Analizando la referencia (nivelada en loudness)…
2026-07-13 22:52:31 [INFO] mixmaster.processing: Aplicando EQ correctivo 7 bandas (máx ±4 dB)…
2026-07-13 22:52:31 [INFO] mixmaster.processing: Ajustando imagen estéreo por banda…
2026-07-13 22:52:32 [INFO] mixmaster.processing: Normalizando a -8.5 LUFS…
2026-07-13 22:52:32 [INFO] mixmaster.processing: Limitando picos (techo -1 dBTP)…
2026-07-13 22:52:33 [INFO] mixmaster.processing: Exportando WAV 24-bit y MP3…
2026-07-13 22:52:34 [INFO] mixmaster.processing: Master listo.
2026-07-13 22:52:34 [INFO] mixmaster.processing: Master: {'wav': 'C:\\Users\\bruno\\AppData\\Local\\Temp\\mixmaster_test_zw767qaa\\Cancion_De_Prueba_v01\\06_masters\\master_v02_mezcla.wav', 'mp3': 'C:\\Users\\bruno\\AppData\\Local\\Temp\\mixmaster_test_zw767qaa\\Cancion_De_Prueba_v01\\07_entregables\\master_v02_mezcla.mp3', 'lufs_final': -9.8, 'true_peak_final': -1.2, 'crest_final': 11.0, 'target_lufs': -8.5, 'eq_aplicado_db': {'sub': -0.2, 'low': -0.2, 'low_mid': -0.2, 'mid': -0.1, 'high_mid': -0.1, 'high': 0.4, 'air': 0.4}, 'ajuste_ancho_db': {}, 'densidad_aplicada': False, 'fuente': 'mezcla'}
2026-07-13 22:52:34 [INFO] mixmaster.stems: Procesando stem 1/3: bass_di.wav…
2026-07-13 22:52:34 [INFO] mixmaster.stems: Procesando stem 2/3: gtr_L.wav…
2026-07-13 22:52:34 [INFO] mixmaster.stems: Procesando stem 3/3: OH_drums.wav…
2026-07-13 22:52:34 [INFO] mixmaster.stems: Stems listos: 3 procesados, 0 errores.
2026-07-13 22:52:34 [INFO] mixmaster.processing: Mezcla virtual: 3 stems sumados desde C:\Users\bruno\AppData\Local\Temp\mixmaster_test_zw767qaa\Cancion_De_Prueba_v01\05_mezclas_revision\stems_niveladas
2026-07-13 22:52:34 [INFO] mixmaster.processing: Sumando stems en mezcla virtual…
2026-07-13 22:52:34 [INFO] mixmaster.processing: Mezcla virtual: 3 stems sumados desde C:\Users\bruno\AppData\Local\Temp\mixmaster_test_zw767qaa\Cancion_De_Prueba_v01\05_mezclas_revision\stems_niveladas
2026-07-13 22:52:34 [INFO] mixmaster.processing: Analizando la referencia (nivelada en loudness)…
2026-07-13 22:52:34 [INFO] mixmaster.processing: Aplicando EQ correctivo 7 bandas (máx ±4 dB)…
2026-07-13 22:52:34 [INFO] mixmaster.processing: Ajustando imagen estéreo por banda…
2026-07-13 22:52:35 [INFO] mixmaster.processing: Normalizando a -8.5 LUFS…
2026-07-13 22:52:35 [INFO] mixmaster.processing: Limitando picos (techo -1 dBTP)…
2026-07-13 22:52:35 [INFO] mixmaster.processing: Exportando WAV 24-bit y MP3…
2026-07-13 22:52:35 [INFO] mixmaster.processing: Master listo.
2026-07-13 22:52:35 [INFO] mixmaster.processing: Master: {'wav': 'C:\\Users\\bruno\\AppData\\Local\\Temp\\mixmaster_test_zw767qaa\\Cancion_De_Prueba_v01\\06_masters\\master_v03_stems.wav', 'mp3': 'C:\\Users\\bruno\\AppData\\Local\\Temp\\mixmaster_test_zw767qaa\\Cancion_De_Prueba_v01\\07_entregables\\master_v03_stems.mp3', 'lufs_final': -8.6, 'true_peak_final': -1.2, 'crest_final': 9.3, 'target_lufs': -8.5, 'eq_aplicado_db': {'sub': -4.0, 'low': 2.1, 'low_mid': 4.0, 'mid': -4.0, 'high_mid': 4.0, 'high': 2.9, 'air': 2.8}, 'ajuste_ancho_db': {'low_mid': -2.0, 'high_mid': -2.0, 'high': -2.0, 'air': -2.0}, 'densidad_aplicada': False, 'fuente': 'stems'}
2026-07-13 22:52:35 [INFO] mixmaster.profiles: Snapshot del género: math_rock_v1_20260713-225235.md
2026-07-13 22:52:35 [INFO] mixmaster.profiles: Género math_rock actualizado: - [2026-07-13] · wav mix.wav · correlación baja en mid OK si pérdida mono < 1.5 dB · estado: activa
2026-07-13 22:52:35 [INFO] mixmaster.profiles: Snapshot del género: math_rock_v2_20260713-225235.md
2026-07-13 22:52:35 [INFO] mixmaster.profiles: Género math_rock revertido a math_rock_v1_20260713-225235.md
2026-07-13 22:52:35 [INFO] mixmaster.analysis: Cargando clipeado.wav…
2026-07-13 22:52:35 [INFO] mixmaster.analysis: Midiendo loudness (LUFS)…
2026-07-13 22:52:36 [INFO] mixmaster.analysis: Midiendo true peak y dinámica…
2026-07-13 22:52:36 [INFO] mixmaster.analysis: Analizando balance espectral…
2026-07-13 22:52:36 [INFO] mixmaster.analysis: Analizando imagen estéreo…
2026-07-13 22:52:36 [INFO] mixmaster.analysis: Generando alertas…
2026-07-13 22:52:36 [INFO] mixmaster.analysis: Análisis completado.
2026-07-13 22:52:36 [INFO] mixmaster.report: Diagnóstico guardado: C:\Users\bruno\AppData\Local\Temp\mixmaster_test_zw767qaa\Cancion_De_Prueba_v01\04_analisis\diagnostico_v01.json
2026-07-13 22:52:36 [INFO] mixmaster.decisions: Decisión guardada en C:\Users\bruno\AppData\Local\Temp\mixmaster_test_zw767qaa\Cancion_De_Prueba_v01\decisiones-y-feedback.md
2026-07-13 22:52:36 [INFO] mixmaster.profiles: Perfil v0.1 (perfil_bruno.md) conservado; la app usa perfiles/ y generos/
2026-07-13 22:52:36 [INFO] mixmaster.profiles: Perfil v0.1 (perfil_bruno.md) conservado; la app usa perfiles/ y generos/
2026-07-13 22:52:38 [INFO] mixmaster.profiles: Perfil v0.1 (perfil_bruno.md) conservado; la app usa perfiles/ y generos/
2026-07-13 22:52:38 [INFO] mixmaster.project: Proyecto abierto: D:\PROYECTOS REPOSITORIOS\DAW IA\MixMaster\proyectos\PRUEBA_MIX_1
2026-07-13 22:53:15 [INFO] mixmaster.project: Proyecto creado: C:\Users\bruno\AppData\Local\Temp\mixmaster_test_rmn_rcu5\Cancion_De_Prueba_v01
2026-07-13 22:53:15 [INFO] mixmaster.analysis: Cargando mezcla.wav…
2026-07-13 22:53:15 [INFO] mixmaster.analysis: Midiendo loudness (LUFS)…
2026-07-13 22:53:15 [INFO] mixmaster.analysis: Midiendo true peak y dinámica…
2026-07-13 22:53:15 [INFO] mixmaster.analysis: Analizando balance espectral…
2026-07-13 22:53:15 [INFO] mixmaster.analysis: Analizando imagen estéreo…
2026-07-13 22:53:16 [INFO] mixmaster.analysis: Analizando secciones…
2026-07-13 22:53:16 [INFO] mixmaster.analysis: Comparando contra referencia.wav (nivelado en loudness)…
2026-07-13 22:53:16 [INFO] mixmaster.analysis: Generando alertas…
2026-07-13 22:53:16 [INFO] mixmaster.analysis: Análisis completado.
2026-07-13 22:53:16 [INFO] mixmaster.analysis: Cargando mezcla.wav…
2026-07-13 22:53:16 [INFO] mixmaster.analysis: Midiendo loudness (LUFS)…
2026-07-13 22:53:17 [INFO] mixmaster.analysis: Midiendo true peak y dinámica…
2026-07-13 22:53:17 [INFO] mixmaster.analysis: Analizando balance espectral…
2026-07-13 22:53:17 [INFO] mixmaster.analysis: Analizando imagen estéreo…
2026-07-13 22:53:17 [INFO] mixmaster.analysis: Comparando contra referencia.mp3 (nivelado en loudness)…
2026-07-13 22:53:18 [INFO] mixmaster.analysis: Generando alertas…
2026-07-13 22:53:18 [INFO] mixmaster.analysis: Análisis completado.
2026-07-13 22:53:18 [INFO] mixmaster.analysis: Cargando mezcla.mp3…
2026-07-13 22:53:18 [INFO] mixmaster.analysis: Midiendo loudness (LUFS)…
2026-07-13 22:53:18 [INFO] mixmaster.analysis: Midiendo true peak y dinámica…
2026-07-13 22:53:18 [INFO] mixmaster.analysis: Analizando balance espectral…
2026-07-13 22:53:18 [INFO] mixmaster.analysis: Analizando imagen estéreo…
2026-07-13 22:53:19 [INFO] mixmaster.analysis: Generando alertas…
2026-07-13 22:53:19 [INFO] mixmaster.analysis: Análisis completado.
2026-07-13 22:53:19 [INFO] mixmaster.processing: Cargando mezcla…
2026-07-13 22:53:19 [INFO] mixmaster.processing: Analizando la referencia (nivelada en loudness)…
2026-07-13 22:53:19 [INFO] mixmaster.processing: Aplicando EQ correctivo 7 bandas (máx ±4 dB)…
2026-07-13 22:53:19 [INFO] mixmaster.processing: Ajustando imagen estéreo por banda…
2026-07-13 22:53:20 [INFO] mixmaster.processing: Normalizando a -10.0 LUFS (con convergencia)…
2026-07-13 22:53:20 [INFO] mixmaster.processing: Limitando picos (techo -1 dBTP, pasada 1)…
2026-07-13 22:53:21 [INFO] mixmaster.processing: Limitando picos (techo -1 dBTP, pasada 2)…
2026-07-13 22:53:23 [INFO] mixmaster.processing: Exportando WAV 24-bit y MP3…
2026-07-13 22:53:23 [INFO] mixmaster.processing: Master listo.
2026-07-13 22:53:23 [INFO] mixmaster.processing: Master: {'wav': 'C:\\Users\\bruno\\AppData\\Local\\Temp\\mixmaster_test_rmn_rcu5\\Cancion_De_Prueba_v01\\06_masters\\master_v01_mezcla.wav', 'mp3': 'C:\\Users\\bruno\\AppData\\Local\\Temp\\mixmaster_test_rmn_rcu5\\Cancion_De_Prueba_v01\\07_entregables\\master_v01_mezcla.mp3', 'lufs_final': -10.2, 'true_peak_final': -1.2, 'crest_final': 11.4, 'target_lufs': -10.0, 'eq_aplicado_db': {'sub': -0.2, 'low': -0.2, 'low_mid': -0.2, 'mid': -0.1, 'high_mid': -0.1, 'high': 0.4, 'air': 0.4}, 'ajuste_ancho_db': {}, 'densidad_aplicada': False, 'fuente': 'mezcla'}
2026-07-13 22:53:23 [INFO] mixmaster.analysis: Cargando master_v01_mezcla.wav…
2026-07-13 22:53:23 [INFO] mixmaster.analysis: Midiendo loudness (LUFS)…
2026-07-13 22:53:23 [INFO] mixmaster.analysis: Midiendo true peak y dinámica…
2026-07-13 22:53:23 [INFO] mixmaster.analysis: Analizando balance espectral…
2026-07-13 22:53:24 [INFO] mixmaster.analysis: Analizando imagen estéreo…
2026-07-13 22:53:24 [INFO] mixmaster.analysis: Comparando contra referencia.wav (nivelado en loudness)…
2026-07-13 22:53:24 [INFO] mixmaster.analysis: Generando alertas…
2026-07-13 22:53:24 [INFO] mixmaster.analysis: Análisis completado.
2026-07-13 22:53:24 [INFO] mixmaster.processing: Cargando mezcla…
2026-07-13 22:53:24 [INFO] mixmaster.processing: Analizando la referencia (nivelada en loudness)…
2026-07-13 22:53:24 [INFO] mixmaster.processing: Aplicando EQ correctivo 7 bandas (máx ±4 dB)…
2026-07-13 22:53:25 [INFO] mixmaster.processing: Ajustando imagen estéreo por banda…
2026-07-13 22:53:26 [INFO] mixmaster.processing: Normalizando a -8.5 LUFS (con convergencia)…
2026-07-13 22:53:26 [INFO] mixmaster.processing: Limitando picos (techo -1 dBTP, pasada 1)…
2026-07-13 22:53:27 [INFO] mixmaster.processing: Limitando picos (techo -1 dBTP, pasada 2)…
2026-07-13 22:53:28 [INFO] mixmaster.processing: Limitando picos (techo -1 dBTP, pasada 3)…
2026-07-13 22:53:29 [INFO] mixmaster.processing: Limitando picos (techo -1 dBTP, pasada 4)…
2026-07-13 22:53:30 [INFO] mixmaster.processing: Exportando WAV 24-bit y MP3…
2026-07-13 22:53:30 [INFO] mixmaster.processing: Master listo.
2026-07-13 22:53:30 [INFO] mixmaster.processing: Master: {'wav': 'C:\\Users\\bruno\\AppData\\Local\\Temp\\mixmaster_test_rmn_rcu5\\Cancion_De_Prueba_v01\\06_masters\\master_v02_mezcla.wav', 'mp3': 'C:\\Users\\bruno\\AppData\\Local\\Temp\\mixmaster_test_rmn_rcu5\\Cancion_De_Prueba_v01\\07_entregables\\master_v02_mezcla.mp3', 'lufs_final': -8.7, 'true_peak_final': -1.2, 'crest_final': 10.0, 'target_lufs': -8.5, 'eq_aplicado_db': {'sub': -0.2, 'low': -0.2, 'low_mid': -0.2, 'mid': -0.1, 'high_mid': -0.1, 'high': 0.4, 'air': 0.4}, 'ajuste_ancho_db': {}, 'densidad_aplicada': False, 'fuente': 'mezcla'}
2026-07-13 22:53:30 [INFO] mixmaster.stems: Procesando stem 1/3: bass_di.wav…
2026-07-13 22:53:30 [INFO] mixmaster.stems: Procesando stem 2/3: gtr_L.wav…
2026-07-13 22:53:31 [INFO] mixmaster.stems: Procesando stem 3/3: OH_drums.wav…
2026-07-13 22:53:31 [INFO] mixmaster.stems: Stems listos: 3 procesados, 0 errores.
2026-07-13 22:53:31 [INFO] mixmaster.processing: Mezcla virtual: 3 stems sumados desde C:\Users\bruno\AppData\Local\Temp\mixmaster_test_rmn_rcu5\Cancion_De_Prueba_v01\05_mezclas_revision\stems_niveladas
2026-07-13 22:53:31 [INFO] mixmaster.processing: Sumando stems en mezcla virtual…
2026-07-13 22:53:31 [INFO] mixmaster.processing: Mezcla virtual: 3 stems sumados desde C:\Users\bruno\AppData\Local\Temp\mixmaster_test_rmn_rcu5\Cancion_De_Prueba_v01\05_mezclas_revision\stems_niveladas
2026-07-13 22:53:31 [INFO] mixmaster.processing: Analizando la referencia (nivelada en loudness)…
2026-07-13 22:53:31 [INFO] mixmaster.processing: Aplicando EQ correctivo 7 bandas (máx ±4 dB)…
2026-07-13 22:53:31 [INFO] mixmaster.processing: Ajustando imagen estéreo por banda…
2026-07-13 22:53:31 [INFO] mixmaster.processing: Normalizando a -8.5 LUFS (con convergencia)…
2026-07-13 22:53:31 [INFO] mixmaster.processing: Limitando picos (techo -1 dBTP, pasada 1)…
2026-07-13 22:53:32 [INFO] mixmaster.processing: Exportando WAV 24-bit y MP3…
2026-07-13 22:53:32 [INFO] mixmaster.processing: Master listo.
2026-07-13 22:53:32 [INFO] mixmaster.processing: Master: {'wav': 'C:\\Users\\bruno\\AppData\\Local\\Temp\\mixmaster_test_rmn_rcu5\\Cancion_De_Prueba_v01\\06_masters\\master_v03_stems.wav', 'mp3': 'C:\\Users\\bruno\\AppData\\Local\\Temp\\mixmaster_test_rmn_rcu5\\Cancion_De_Prueba_v01\\07_entregables\\master_v03_stems.mp3', 'lufs_final': -8.6, 'true_peak_final': -1.2, 'crest_final': 9.3, 'target_lufs': -8.5, 'eq_aplicado_db': {'sub': -4.0, 'low': 2.1, 'low_mid': 4.0, 'mid': -4.0, 'high_mid': 4.0, 'high': 2.9, 'air': 2.8}, 'ajuste_ancho_db': {'low_mid': -2.0, 'high_mid': -2.0, 'high': -2.0, 'air': -2.0}, 'densidad_aplicada': False, 'fuente': 'stems'}
2026-07-13 22:53:32 [INFO] mixmaster.profiles: Snapshot del género: math_rock_v3_20260713-225332.md
2026-07-13 22:53:32 [INFO] mixmaster.profiles: Género math_rock actualizado: - [2026-07-13] · wav mix.wav · correlación baja en mid OK si pérdida mono < 1.5 dB · estado: activa
2026-07-13 22:53:32 [INFO] mixmaster.profiles: Snapshot del género: math_rock_v4_20260713-225332.md
2026-07-13 22:53:32 [INFO] mixmaster.profiles: Género math_rock revertido a math_rock_v1_20260713-225235.md
2026-07-13 22:53:32 [INFO] mixmaster.analysis: Cargando clipeado.wav…
2026-07-13 22:53:32 [INFO] mixmaster.analysis: Midiendo loudness (LUFS)…
2026-07-13 22:53:32 [INFO] mixmaster.analysis: Midiendo true peak y dinámica…
2026-07-13 22:53:32 [INFO] mixmaster.analysis: Analizando balance espectral…
2026-07-13 22:53:33 [INFO] mixmaster.analysis: Analizando imagen estéreo…
2026-07-13 22:53:33 [INFO] mixmaster.analysis: Generando alertas…
2026-07-13 22:53:33 [INFO] mixmaster.analysis: Análisis completado.
2026-07-13 22:53:33 [INFO] mixmaster.report: Diagnóstico guardado: C:\Users\bruno\AppData\Local\Temp\mixmaster_test_rmn_rcu5\Cancion_De_Prueba_v01\04_analisis\diagnostico_v01.json
2026-07-13 22:53:33 [INFO] mixmaster.decisions: Decisión guardada en C:\Users\bruno\AppData\Local\Temp\mixmaster_test_rmn_rcu5\Cancion_De_Prueba_v01\decisiones-y-feedback.md
2026-07-13 22:53:33 [INFO] mixmaster.profiles: Perfil v0.1 (perfil_bruno.md) conservado; la app usa perfiles/ y generos/
2026-07-13 22:53:33 [INFO] mixmaster.profiles: Perfil v0.1 (perfil_bruno.md) conservado; la app usa perfiles/ y generos/
2026-07-13 22:54:06 [INFO] mixmaster.profiles: Perfil v0.1 (perfil_bruno.md) conservado; la app usa perfiles/ y generos/
2026-07-13 22:54:06 [INFO] mixmaster.project: Proyecto abierto: D:\PROYECTOS REPOSITORIOS\DAW IA\MixMaster\proyectos\PRUEBA_MIX_1
2026-07-13 22:54:06 [INFO] mixmaster.main: MixMaster iniciado
2026-07-13 23:09:09 [INFO] mixmaster.profiles: Perfil v0.1 (perfil_bruno.md) conservado; la app usa perfiles/ y generos/
2026-07-13 23:09:09 [INFO] mixmaster.project: Proyecto abierto: D:\PROYECTOS REPOSITORIOS\DAW IA\MixMaster\proyectos\PRUEBA_MIX_1
2026-07-13 23:09:09 [INFO] mixmaster.main: MixMaster iniciado
2026-07-13 23:09:56 [INFO] mixmaster.processing: Cargando mezcla…
2026-07-13 23:09:56 [INFO] mixmaster.processing: Analizando la referencia (nivelada en loudness)…
2026-07-13 23:10:03 [INFO] mixmaster.processing: Aplicando EQ correctivo 7 bandas (máx ±4 dB)…
2026-07-13 23:10:03 [INFO] mixmaster.processing: Ajustando imagen estéreo por banda…
2026-07-13 23:10:16 [INFO] mixmaster.processing: Añadiendo densidad (saturación suave) para el empuje de loudness…
2026-07-13 23:10:16 [INFO] mixmaster.processing: Normalizando a -7.5 LUFS (con convergencia)…
2026-07-13 23:10:17 [INFO] mixmaster.processing: Limitando picos (techo -1 dBTP, pasada 1)…
2026-07-13 23:10:21 [INFO] mixmaster.processing: Limitando picos (techo -1 dBTP, pasada 2)…
2026-07-13 23:10:25 [INFO] mixmaster.processing: Limitando picos (techo -1 dBTP, pasada 3)…
2026-07-13 23:10:29 [INFO] mixmaster.processing: Limitando picos (techo -1 dBTP, pasada 4)…
2026-07-13 23:10:34 [INFO] mixmaster.processing: Exportando WAV 24-bit y MP3…
2026-07-13 23:10:35 [INFO] mixmaster.processing: Master listo.
2026-07-13 23:10:35 [INFO] mixmaster.processing: Master: {'wav': 'D:\\PROYECTOS REPOSITORIOS\\DAW IA\\MixMaster\\proyectos\\PRUEBA_MIX_1\\06_masters\\master_v02_wav mix.wav', 'mp3': 'D:\\PROYECTOS REPOSITORIOS\\DAW IA\\MixMaster\\proyectos\\PRUEBA_MIX_1\\07_entregables\\master_v02_wav mix.mp3', 'lufs_final': -7.9, 'true_peak_final': -1.2, 'crest_final': 9.0, 'target_lufs': -7.5, 'eq_aplicado_db': {'sub': -4.0, 'low': -1.0, 'low_mid': 1.2, 'mid': 4.0, 'high_mid': 4.0, 'high': 4.0, 'air': 0.6}, 'ajuste_ancho_db': {'high_mid': 1.9, 'high': 2.0, 'air': 2.0}, 'densidad_aplicada': True, 'fuente': 'mezcla'}
2026-07-13 23:14:41 [INFO] mixmaster.project: Proyecto creado: D:\PROYECTOS REPOSITORIOS\DAW IA\MixMaster\proyectos\2
2026-07-13 23:20:11 [INFO] mixmaster.project: Proyecto creado: C:\Users\bruno\AppData\Local\Temp\mixmaster_test_ii_m_is3\Cancion_De_Prueba_v01
2026-07-13 23:20:12 [INFO] mixmaster.analysis: Cargando mezcla.wav…
2026-07-13 23:20:12 [INFO] mixmaster.analysis: Midiendo loudness (LUFS)…
2026-07-13 23:20:13 [INFO] mixmaster.analysis: Midiendo true peak y dinámica…
2026-07-13 23:20:14 [INFO] mixmaster.analysis: Analizando balance espectral…
2026-07-13 23:20:14 [INFO] mixmaster.analysis: Analizando imagen estéreo…
2026-07-13 23:20:16 [INFO] mixmaster.analysis: Analizando secciones…
2026-07-13 23:20:16 [INFO] mixmaster.analysis: Comparando contra 1 referencia(s) (niveladas en loudness)…
2026-07-13 23:20:18 [INFO] mixmaster.analysis: Generando alertas…
2026-07-13 23:20:18 [INFO] mixmaster.analysis: Análisis completado.
2026-07-13 23:20:19 [INFO] mixmaster.analysis: Cargando mezcla.wav…
2026-07-13 23:20:19 [INFO] mixmaster.analysis: Midiendo loudness (LUFS)…
2026-07-13 23:20:20 [INFO] mixmaster.analysis: Midiendo true peak y dinámica…
2026-07-13 23:20:21 [INFO] mixmaster.analysis: Analizando balance espectral…
2026-07-13 23:20:21 [INFO] mixmaster.analysis: Analizando imagen estéreo…
2026-07-13 23:20:23 [INFO] mixmaster.analysis: Comparando contra 1 referencia(s) (niveladas en loudness)…
2026-07-13 23:20:25 [INFO] mixmaster.analysis: Generando alertas…
2026-07-13 23:20:25 [INFO] mixmaster.analysis: Análisis completado.
2026-07-13 23:20:25 [INFO] mixmaster.analysis: Cargando mezcla.mp3…
2026-07-13 23:20:25 [INFO] mixmaster.analysis: Midiendo loudness (LUFS)…
2026-07-13 23:20:27 [INFO] mixmaster.analysis: Midiendo true peak y dinámica…
2026-07-13 23:20:27 [INFO] mixmaster.analysis: Analizando balance espectral…
2026-07-13 23:20:28 [INFO] mixmaster.analysis: Analizando imagen estéreo…
2026-07-13 23:20:29 [INFO] mixmaster.analysis: Generando alertas…
2026-07-13 23:20:29 [INFO] mixmaster.analysis: Análisis completado.
2026-07-13 23:20:29 [INFO] mixmaster.processing: Cargando mezcla…
2026-07-13 23:20:29 [INFO] mixmaster.processing: Analizando 1 referencia(s) (niveladas, perfil promedio)…
2026-07-13 23:20:32 [INFO] mixmaster.processing: Aplicando EQ correctivo 7 bandas (máx ±4 dB)…
2026-07-13 23:20:33 [INFO] mixmaster.processing: Ajustando imagen estéreo por banda…
2026-07-13 23:20:35 [INFO] mixmaster.processing: Normalizando a -10.0 LUFS (con convergencia)…
2026-07-13 23:20:35 [INFO] mixmaster.processing: Limitando picos (techo -1 dBTP, pasada 1)…
2026-07-13 23:20:39 [INFO] mixmaster.processing: Limitando picos (techo -1 dBTP, pasada 2)…
2026-07-13 23:20:43 [INFO] mixmaster.processing: Exportando WAV 24-bit y MP3…
2026-07-13 23:20:43 [INFO] mixmaster.processing: Master listo.
2026-07-13 23:20:43 [INFO] mixmaster.processing: Master: {'wav': 'C:\\Users\\bruno\\AppData\\Local\\Temp\\mixmaster_test_ii_m_is3\\Cancion_De_Prueba_v01\\06_masters\\master_v01_mezcla.wav', 'mp3': 'C:\\Users\\bruno\\AppData\\Local\\Temp\\mixmaster_test_ii_m_is3\\Cancion_De_Prueba_v01\\07_entregables\\master_v01_mezcla.mp3', 'lufs_final': -10.2, 'true_peak_final': -1.2, 'crest_final': 11.4, 'target_lufs': -10.0, 'eq_aplicado_db': {'sub': -0.2, 'low': -0.2, 'low_mid': -0.2, 'mid': -0.1, 'high_mid': -0.1, 'high': 0.4, 'air': 0.4}, 'ajuste_ancho_db': {}, 'densidad_aplicada': False, 'fuente': 'mezcla', 'referencias': ['referencia.wav']}
2026-07-13 23:20:43 [INFO] mixmaster.analysis: Cargando master_v01_mezcla.wav…
2026-07-13 23:20:43 [INFO] mixmaster.analysis: Midiendo loudness (LUFS)…
2026-07-13 23:20:45 [INFO] mixmaster.analysis: Midiendo true peak y dinámica…
2026-07-13 23:20:45 [INFO] mixmaster.analysis: Analizando balance espectral…
2026-07-13 23:20:46 [INFO] mixmaster.analysis: Analizando imagen estéreo…
2026-07-13 23:20:47 [INFO] mixmaster.analysis: Comparando contra 1 referencia(s) (niveladas en loudness)…
2026-07-13 23:20:49 [INFO] mixmaster.analysis: Generando alertas…
2026-07-13 23:20:49 [INFO] mixmaster.analysis: Análisis completado.
2026-07-13 23:20:49 [INFO] mixmaster.analysis: Cargando mezcla.wav…
2026-07-13 23:20:49 [INFO] mixmaster.analysis: Midiendo loudness (LUFS)…
2026-07-13 23:20:51 [INFO] mixmaster.analysis: Midiendo true peak y dinámica…
2026-07-13 23:20:51 [INFO] mixmaster.analysis: Analizando balance espectral…
2026-07-13 23:20:52 [INFO] mixmaster.analysis: Analizando imagen estéreo…
2026-07-13 23:20:53 [INFO] mixmaster.analysis: Comparando contra 2 referencia(s) (niveladas en loudness)…
2026-07-13 23:20:58 [INFO] mixmaster.analysis: Generando alertas…
2026-07-13 23:20:58 [INFO] mixmaster.analysis: Análisis completado.
2026-07-13 23:20:58 [INFO] mixmaster.processing: Cargando mezcla…
2026-07-13 23:20:58 [INFO] mixmaster.processing: Analizando 2 referencia(s) (niveladas, perfil promedio)…
2026-07-13 23:21:03 [INFO] mixmaster.processing: Aplicando EQ correctivo 7 bandas (máx ±4 dB)…
2026-07-13 23:21:04 [INFO] mixmaster.processing: Ajustando imagen estéreo por banda…
2026-07-13 23:21:06 [INFO] mixmaster.processing: Normalizando a -10.0 LUFS (con convergencia)…
2026-07-13 23:21:07 [INFO] mixmaster.processing: Limitando picos (techo -1 dBTP, pasada 1)…
2026-07-13 23:21:10 [INFO] mixmaster.processing: Limitando picos (techo -1 dBTP, pasada 2)…
2026-07-13 23:21:14 [INFO] mixmaster.processing: Exportando WAV 24-bit y MP3…
2026-07-13 23:21:15 [INFO] mixmaster.processing: Master listo.
2026-07-13 23:21:15 [INFO] mixmaster.processing: Master: {'wav': 'C:\\Users\\bruno\\AppData\\Local\\Temp\\mixmaster_test_ii_m_is3\\Cancion_De_Prueba_v01\\06_masters\\master_v02r_mezcla.wav', 'mp3': 'C:\\Users\\bruno\\AppData\\Local\\Temp\\mixmaster_test_ii_m_is3\\Cancion_De_Prueba_v01\\07_entregables\\master_v02r_mezcla.mp3', 'lufs_final': -10.2, 'true_peak_final': -1.2, 'crest_final': 11.4, 'target_lufs': -10.0, 'eq_aplicado_db': {'sub': -0.1, 'low': -0.1, 'low_mid': -0.2, 'mid': 0.0, 'high_mid': -0.1, 'high': 0.8, 'air': 0.3}, 'ajuste_ancho_db': {}, 'densidad_aplicada': False, 'fuente': 'mezcla', 'referencias': ['referencia.wav', 'referencia.mp3']}
2026-07-13 23:21:15 [INFO] mixmaster.processing: Cargando mezcla…
2026-07-13 23:21:15 [INFO] mixmaster.processing: Analizando 1 referencia(s) (niveladas, perfil promedio)…
2026-07-13 23:21:18 [INFO] mixmaster.processing: Aplicando EQ correctivo 7 bandas (máx ±4 dB)…
2026-07-13 23:21:18 [INFO] mixmaster.processing: Ajustando imagen estéreo por banda…
2026-07-13 23:21:21 [INFO] mixmaster.processing: Normalizando a -8.5 LUFS (con convergencia)…
2026-07-13 23:21:22 [INFO] mixmaster.processing: Limitando picos (techo -1 dBTP, pasada 1)…
2026-07-13 23:21:25 [INFO] mixmaster.processing: Limitando picos (techo -1 dBTP, pasada 2)…
2026-07-13 23:21:28 [INFO] mixmaster.processing: Limitando picos (techo -1 dBTP, pasada 3)…
2026-07-13 23:21:31 [INFO] mixmaster.processing: Limitando picos (techo -1 dBTP, pasada 4)…
2026-07-13 23:21:36 [INFO] mixmaster.processing: Exportando WAV 24-bit y MP3…
2026-07-13 23:21:36 [INFO] mixmaster.processing: Master listo.
2026-07-13 23:21:36 [INFO] mixmaster.processing: Master: {'wav': 'C:\\Users\\bruno\\AppData\\Local\\Temp\\mixmaster_test_ii_m_is3\\Cancion_De_Prueba_v01\\06_masters\\master_v02_mezcla.wav', 'mp3': 'C:\\Users\\bruno\\AppData\\Local\\Temp\\mixmaster_test_ii_m_is3\\Cancion_De_Prueba_v01\\07_entregables\\master_v02_mezcla.mp3', 'lufs_final': -8.7, 'true_peak_final': -1.2, 'crest_final': 10.0, 'target_lufs': -8.5, 'eq_aplicado_db': {'sub': -0.2, 'low': -0.2, 'low_mid': -0.2, 'mid': -0.1, 'high_mid': -0.1, 'high': 0.4, 'air': 0.4}, 'ajuste_ancho_db': {}, 'densidad_aplicada': False, 'fuente': 'mezcla', 'referencias': ['referencia.wav']}
2026-07-13 23:21:36 [INFO] mixmaster.stems: Procesando stem 1/3: bass_di.wav…
2026-07-13 23:21:36 [INFO] mixmaster.stems: Procesando stem 2/3: gtr_L.wav…
2026-07-13 23:21:36 [INFO] mixmaster.stems: Procesando stem 3/3: OH_drums.wav…
2026-07-13 23:21:36 [INFO] mixmaster.stems: Stems listos: 3 procesados, 0 errores.
2026-07-13 23:21:37 [INFO] mixmaster.processing: Mezcla virtual: 3 stems sumados desde C:\Users\bruno\AppData\Local\Temp\mixmaster_test_ii_m_is3\Cancion_De_Prueba_v01\05_mezclas_revision\stems_niveladas
2026-07-13 23:21:37 [INFO] mixmaster.processing: Sumando stems en mezcla virtual…
2026-07-13 23:21:37 [INFO] mixmaster.processing: Mezcla virtual: 3 stems sumados desde C:\Users\bruno\AppData\Local\Temp\mixmaster_test_ii_m_is3\Cancion_De_Prueba_v01\05_mezclas_revision\stems_niveladas
2026-07-13 23:21:37 [INFO] mixmaster.processing: Analizando 1 referencia(s) (niveladas, perfil promedio)…
2026-07-13 23:21:39 [INFO] mixmaster.processing: Aplicando EQ correctivo 7 bandas (máx ±4 dB)…
2026-07-13 23:21:39 [INFO] mixmaster.processing: Ajustando imagen estéreo por banda…
2026-07-13 23:21:40 [INFO] mixmaster.processing: Normalizando a -8.5 LUFS (con convergencia)…
2026-07-13 23:21:40 [INFO] mixmaster.processing: Limitando picos (techo -1 dBTP, pasada 1)…
2026-07-13 23:21:41 [INFO] mixmaster.processing: Exportando WAV 24-bit y MP3…
2026-07-13 23:21:41 [INFO] mixmaster.processing: Master listo.
2026-07-13 23:21:41 [INFO] mixmaster.processing: Master: {'wav': 'C:\\Users\\bruno\\AppData\\Local\\Temp\\mixmaster_test_ii_m_is3\\Cancion_De_Prueba_v01\\06_masters\\master_v03_stems.wav', 'mp3': 'C:\\Users\\bruno\\AppData\\Local\\Temp\\mixmaster_test_ii_m_is3\\Cancion_De_Prueba_v01\\07_entregables\\master_v03_stems.mp3', 'lufs_final': -8.6, 'true_peak_final': -1.2, 'crest_final': 9.3, 'target_lufs': -8.5, 'eq_aplicado_db': {'sub': -4.0, 'low': 2.1, 'low_mid': 4.0, 'mid': -4.0, 'high_mid': 4.0, 'high': 2.9, 'air': 2.8}, 'ajuste_ancho_db': {'low_mid': -2.0, 'high_mid': -2.0, 'high': -2.0, 'air': -2.0}, 'densidad_aplicada': False, 'fuente': 'stems', 'referencias': ['referencia.wav']}
2026-07-13 23:21:41 [INFO] mixmaster.profiles: Snapshot del género: math_rock_v5_20260713-232141.md
2026-07-13 23:21:41 [INFO] mixmaster.profiles: Género math_rock actualizado: - [2026-07-13] · wav mix.wav · correlación baja en mid OK si pérdida mono < 1.5 dB · estado: activa
2026-07-13 23:21:41 [INFO] mixmaster.profiles: Snapshot del género: math_rock_v6_20260713-232141.md
2026-07-13 23:21:41 [INFO] mixmaster.profiles: Género math_rock revertido a math_rock_v1_20260713-225235.md
2026-07-13 23:21:42 [INFO] mixmaster.analysis: Cargando clipeado.wav…
2026-07-13 23:21:42 [INFO] mixmaster.analysis: Midiendo loudness (LUFS)…
2026-07-13 23:21:43 [INFO] mixmaster.analysis: Midiendo true peak y dinámica…
2026-07-13 23:21:44 [INFO] mixmaster.analysis: Analizando balance espectral…
2026-07-13 23:21:44 [INFO] mixmaster.analysis: Analizando imagen estéreo…
2026-07-13 23:21:46 [INFO] mixmaster.analysis: Generando alertas…
2026-07-13 23:21:46 [INFO] mixmaster.analysis: Análisis completado.
2026-07-13 23:21:46 [INFO] mixmaster.report: Diagnóstico guardado: C:\Users\bruno\AppData\Local\Temp\mixmaster_test_ii_m_is3\Cancion_De_Prueba_v01\04_analisis\diagnostico_v01.json
2026-07-13 23:21:46 [INFO] mixmaster.decisions: Decisión guardada en C:\Users\bruno\AppData\Local\Temp\mixmaster_test_ii_m_is3\Cancion_De_Prueba_v01\decisiones-y-feedback.md
2026-07-13 23:21:46 [INFO] mixmaster.profiles: Perfil v0.1 (perfil_bruno.md) conservado; la app usa perfiles/ y generos/
2026-07-13 23:21:46 [INFO] mixmaster.profiles: Perfil v0.1 (perfil_bruno.md) conservado; la app usa perfiles/ y generos/
2026-07-13 23:21:51 [INFO] mixmaster.profiles: Perfil v0.1 (perfil_bruno.md) conservado; la app usa perfiles/ y generos/
2026-07-13 23:21:51 [INFO] mixmaster.project: Proyecto abierto: D:\PROYECTOS REPOSITORIOS\DAW IA\MixMaster\proyectos\2
2026-07-13 23:25:40 [INFO] mixmaster.project: Proyecto creado: C:\Users\bruno\AppData\Local\Temp\mixmaster_test_wix2h73h\Cancion_De_Prueba_v01
2026-07-13 23:25:41 [INFO] mixmaster.analysis: Cargando mezcla.wav…
2026-07-13 23:25:41 [INFO] mixmaster.analysis: Midiendo loudness (LUFS)…
2026-07-13 23:25:43 [INFO] mixmaster.analysis: Midiendo true peak y dinámica…
2026-07-13 23:25:43 [INFO] mixmaster.analysis: Analizando balance espectral…
2026-07-13 23:25:44 [INFO] mixmaster.analysis: Analizando imagen estéreo…
2026-07-13 23:25:45 [INFO] mixmaster.analysis: Analizando secciones…
2026-07-13 23:25:46 [INFO] mixmaster.analysis: Comparando contra 1 referencia(s) (niveladas en loudness)…
2026-07-13 23:25:48 [INFO] mixmaster.analysis: Generando alertas…
2026-07-13 23:25:48 [INFO] mixmaster.analysis: Análisis completado.
2026-07-13 23:25:49 [INFO] mixmaster.analysis: Cargando mezcla.wav…
2026-07-13 23:25:49 [INFO] mixmaster.analysis: Midiendo loudness (LUFS)…
2026-07-13 23:25:50 [INFO] mixmaster.analysis: Midiendo true peak y dinámica…
2026-07-13 23:25:51 [INFO] mixmaster.analysis: Analizando balance espectral…
2026-07-13 23:25:51 [INFO] mixmaster.analysis: Analizando imagen estéreo…
2026-07-13 23:25:53 [INFO] mixmaster.analysis: Comparando contra 1 referencia(s) (niveladas en loudness)…
2026-07-13 23:25:55 [INFO] mixmaster.analysis: Generando alertas…
2026-07-13 23:25:55 [INFO] mixmaster.analysis: Análisis completado.
2026-07-13 23:25:56 [INFO] mixmaster.analysis: Cargando mezcla.mp3…
2026-07-13 23:25:56 [INFO] mixmaster.analysis: Midiendo loudness (LUFS)…
2026-07-13 23:25:57 [INFO] mixmaster.analysis: Midiendo true peak y dinámica…
2026-07-13 23:25:58 [INFO] mixmaster.analysis: Analizando balance espectral…
2026-07-13 23:25:58 [INFO] mixmaster.analysis: Analizando imagen estéreo…
2026-07-13 23:26:00 [INFO] mixmaster.analysis: Generando alertas…
2026-07-13 23:26:00 [INFO] mixmaster.analysis: Análisis completado.
2026-07-13 23:26:00 [INFO] mixmaster.processing: Cargando mezcla…
2026-07-13 23:26:00 [INFO] mixmaster.processing: Analizando 1 referencia(s) (niveladas, perfil promedio)…
2026-07-13 23:26:03 [INFO] mixmaster.processing: Aplicando EQ correctivo 7 bandas (máx ±4 dB)…
2026-07-13 23:26:03 [INFO] mixmaster.processing: Ajustando imagen estéreo por banda…
2026-07-13 23:26:06 [INFO] mixmaster.processing: Normalizando a -10.0 LUFS (con convergencia)…
2026-07-13 23:26:06 [INFO] mixmaster.processing: Limitando picos (techo -1 dBTP, pasada 1)…
2026-07-13 23:26:10 [INFO] mixmaster.processing: Limitando picos (techo -1 dBTP, pasada 2)…
2026-07-13 23:26:14 [INFO] mixmaster.processing: Exportando WAV 24-bit y MP3…
2026-07-13 23:26:15 [INFO] mixmaster.processing: Master listo.
2026-07-13 23:26:15 [INFO] mixmaster.processing: Master: {'wav': 'C:\\Users\\bruno\\AppData\\Local\\Temp\\mixmaster_test_wix2h73h\\Cancion_De_Prueba_v01\\06_masters\\master_v01_mezcla.wav', 'mp3': 'C:\\Users\\bruno\\AppData\\Local\\Temp\\mixmaster_test_wix2h73h\\Cancion_De_Prueba_v01\\07_entregables\\master_v01_mezcla.mp3', 'lufs_final': -10.2, 'true_peak_final': -1.2, 'crest_final': 11.4, 'target_lufs': -10.0, 'eq_aplicado_db': {'sub': -0.2, 'low': -0.2, 'low_mid': -0.2, 'mid': -0.1, 'high_mid': -0.1, 'high': 0.4, 'air': 0.4}, 'ajuste_ancho_db': {}, 'densidad_aplicada': False, 'fuente': 'mezcla', 'referencias': ['referencia.wav']}
2026-07-13 23:26:15 [INFO] mixmaster.analysis: Cargando master_v01_mezcla.wav…
2026-07-13 23:26:15 [INFO] mixmaster.analysis: Midiendo loudness (LUFS)…
2026-07-13 23:26:16 [INFO] mixmaster.analysis: Midiendo true peak y dinámica…
2026-07-13 23:26:17 [INFO] mixmaster.analysis: Analizando balance espectral…
2026-07-13 23:26:17 [INFO] mixmaster.analysis: Analizando imagen estéreo…
2026-07-13 23:26:18 [INFO] mixmaster.analysis: Comparando contra 1 referencia(s) (niveladas en loudness)…
2026-07-13 23:26:21 [INFO] mixmaster.analysis: Generando alertas…
2026-07-13 23:26:21 [INFO] mixmaster.analysis: Análisis completado.
2026-07-13 23:26:21 [INFO] mixmaster.analysis: Cargando mezcla.wav…
2026-07-13 23:26:21 [INFO] mixmaster.analysis: Midiendo loudness (LUFS)…
2026-07-13 23:26:22 [INFO] mixmaster.analysis: Midiendo true peak y dinámica…
2026-07-13 23:26:23 [INFO] mixmaster.analysis: Analizando balance espectral…
2026-07-13 23:26:23 [INFO] mixmaster.analysis: Analizando imagen estéreo…
2026-07-13 23:26:25 [INFO] mixmaster.analysis: Comparando contra 2 referencia(s) (niveladas en loudness)…
2026-07-13 23:26:29 [INFO] mixmaster.analysis: Generando alertas…
2026-07-13 23:26:29 [INFO] mixmaster.analysis: Análisis completado.
2026-07-13 23:26:29 [INFO] mixmaster.processing: Cargando mezcla…
2026-07-13 23:26:29 [INFO] mixmaster.processing: Analizando 2 referencia(s) (niveladas, perfil promedio)…
2026-07-13 23:26:35 [INFO] mixmaster.processing: Aplicando EQ correctivo 7 bandas (máx ±4 dB)…
2026-07-13 23:26:36 [INFO] mixmaster.processing: Ajustando imagen estéreo por banda…
2026-07-13 23:26:38 [INFO] mixmaster.processing: Normalizando a -10.0 LUFS (con convergencia)…
2026-07-13 23:26:38 [INFO] mixmaster.processing: Limitando picos (techo -1 dBTP, pasada 1)…
2026-07-13 23:26:42 [INFO] mixmaster.processing: Limitando picos (techo -1 dBTP, pasada 2)…
2026-07-13 23:26:46 [INFO] mixmaster.processing: Exportando WAV 24-bit y MP3…
2026-07-13 23:26:46 [INFO] mixmaster.processing: Master listo.
2026-07-13 23:26:46 [INFO] mixmaster.processing: Master: {'wav': 'C:\\Users\\bruno\\AppData\\Local\\Temp\\mixmaster_test_wix2h73h\\Cancion_De_Prueba_v01\\06_masters\\master_v02r_mezcla.wav', 'mp3': 'C:\\Users\\bruno\\AppData\\Local\\Temp\\mixmaster_test_wix2h73h\\Cancion_De_Prueba_v01\\07_entregables\\master_v02r_mezcla.mp3', 'lufs_final': -10.2, 'true_peak_final': -1.2, 'crest_final': 11.4, 'target_lufs': -10.0, 'eq_aplicado_db': {'sub': -0.1, 'low': -0.1, 'low_mid': -0.2, 'mid': 0.0, 'high_mid': -0.1, 'high': 0.8, 'air': 0.3}, 'ajuste_ancho_db': {}, 'densidad_aplicada': False, 'fuente': 'mezcla', 'referencias': ['referencia.wav', 'referencia.mp3']}
2026-07-13 23:26:46 [INFO] mixmaster.processing: Cargando mezcla…
2026-07-13 23:26:47 [INFO] mixmaster.processing: Analizando 1 referencia(s) (niveladas, perfil promedio)…
2026-07-13 23:26:50 [INFO] mixmaster.processing: Aplicando EQ correctivo 7 bandas (máx ±4 dB)…
2026-07-13 23:26:50 [INFO] mixmaster.processing: Ajustando imagen estéreo por banda…
2026-07-13 23:26:53 [INFO] mixmaster.processing: Normalizando a -8.5 LUFS (con convergencia)…
2026-07-13 23:26:53 [INFO] mixmaster.processing: Limitando picos (techo -1 dBTP, pasada 1)…
2026-07-13 23:26:56 [INFO] mixmaster.processing: Limitando picos (techo -1 dBTP, pasada 2)…
2026-07-13 23:26:59 [INFO] mixmaster.processing: Limitando picos (techo -1 dBTP, pasada 3)…
2026-07-13 23:27:02 [INFO] mixmaster.processing: Limitando picos (techo -1 dBTP, pasada 4)…
2026-07-13 23:27:06 [INFO] mixmaster.processing: Exportando WAV 24-bit y MP3…
2026-07-13 23:27:07 [INFO] mixmaster.processing: Master listo.
2026-07-13 23:27:07 [INFO] mixmaster.processing: Master: {'wav': 'C:\\Users\\bruno\\AppData\\Local\\Temp\\mixmaster_test_wix2h73h\\Cancion_De_Prueba_v01\\06_masters\\master_v02_mezcla.wav', 'mp3': 'C:\\Users\\bruno\\AppData\\Local\\Temp\\mixmaster_test_wix2h73h\\Cancion_De_Prueba_v01\\07_entregables\\master_v02_mezcla.mp3', 'lufs_final': -8.7, 'true_peak_final': -1.2, 'crest_final': 10.0, 'target_lufs': -8.5, 'eq_aplicado_db': {'sub': -0.2, 'low': -0.2, 'low_mid': -0.2, 'mid': -0.1, 'high_mid': -0.1, 'high': 0.4, 'air': 0.4}, 'ajuste_ancho_db': {}, 'densidad_aplicada': False, 'fuente': 'mezcla', 'referencias': ['referencia.wav']}
2026-07-13 23:27:07 [INFO] mixmaster.stems: Procesando stem 1/3: bass_di.wav…
2026-07-13 23:27:07 [INFO] mixmaster.stems: Procesando stem 2/3: gtr_L.wav…
2026-07-13 23:27:07 [INFO] mixmaster.stems: Procesando stem 3/3: OH_drums.wav…
2026-07-13 23:27:07 [INFO] mixmaster.stems: Stems listos: 3 procesados, 0 errores.
2026-07-13 23:27:07 [INFO] mixmaster.processing: Mezcla virtual: 3 stems sumados desde C:\Users\bruno\AppData\Local\Temp\mixmaster_test_wix2h73h\Cancion_De_Prueba_v01\05_mezclas_revision\stems_niveladas
2026-07-13 23:27:07 [INFO] mixmaster.processing: Sumando stems en mezcla virtual…
2026-07-13 23:27:07 [INFO] mixmaster.processing: Mezcla virtual: 3 stems sumados desde C:\Users\bruno\AppData\Local\Temp\mixmaster_test_wix2h73h\Cancion_De_Prueba_v01\05_mezclas_revision\stems_niveladas
2026-07-13 23:27:07 [INFO] mixmaster.processing: Analizando 1 referencia(s) (niveladas, perfil promedio)…
2026-07-13 23:27:10 [INFO] mixmaster.processing: Aplicando EQ correctivo 7 bandas (máx ±4 dB)…
2026-07-13 23:27:10 [INFO] mixmaster.processing: Ajustando imagen estéreo por banda…
2026-07-13 23:27:10 [INFO] mixmaster.processing: Normalizando a -8.5 LUFS (con convergencia)…
2026-07-13 23:27:10 [INFO] mixmaster.processing: Limitando picos (techo -1 dBTP, pasada 1)…
2026-07-13 23:27:11 [INFO] mixmaster.processing: Exportando WAV 24-bit y MP3…
2026-07-13 23:27:11 [INFO] mixmaster.processing: Master listo.
2026-07-13 23:27:11 [INFO] mixmaster.processing: Master: {'wav': 'C:\\Users\\bruno\\AppData\\Local\\Temp\\mixmaster_test_wix2h73h\\Cancion_De_Prueba_v01\\06_masters\\master_v03_stems.wav', 'mp3': 'C:\\Users\\bruno\\AppData\\Local\\Temp\\mixmaster_test_wix2h73h\\Cancion_De_Prueba_v01\\07_entregables\\master_v03_stems.mp3', 'lufs_final': -8.6, 'true_peak_final': -1.2, 'crest_final': 9.3, 'target_lufs': -8.5, 'eq_aplicado_db': {'sub': -4.0, 'low': 2.1, 'low_mid': 4.0, 'mid': -4.0, 'high_mid': 4.0, 'high': 2.9, 'air': 2.8}, 'ajuste_ancho_db': {'low_mid': -2.0, 'high_mid': -2.0, 'high': -2.0, 'air': -2.0}, 'densidad_aplicada': False, 'fuente': 'stems', 'referencias': ['referencia.wav']}
2026-07-13 23:27:11 [INFO] mixmaster.profiles: Perfil v0.1 (perfil_bruno.md) conservado; la app usa perfiles/ y generos/
2026-07-13 23:27:11 [INFO] mixmaster.analysis: Cargando mezcla.wav…
2026-07-13 23:27:11 [INFO] mixmaster.analysis: Midiendo loudness (LUFS)…
2026-07-13 23:27:12 [INFO] mixmaster.analysis: Midiendo true peak y dinámica…
2026-07-13 23:27:13 [INFO] mixmaster.analysis: Analizando balance espectral…
2026-07-13 23:27:14 [INFO] mixmaster.analysis: Analizando imagen estéreo…
2026-07-13 23:27:15 [INFO] mixmaster.analysis: Comparando contra 2 referencia(s) (niveladas en loudness)…
2026-07-13 23:27:20 [INFO] mixmaster.analysis: Generando alertas…
2026-07-13 23:27:20 [INFO] mixmaster.analysis: Análisis completado.
2026-07-13 23:27:20 [INFO] mixmaster.profiles: Snapshot del género: math_rock_v7_20260713-232720.md
2026-07-13 23:27:20 [INFO] mixmaster.profiles: Género math_rock actualizado: - [2026-07-13] · wav mix.wav · correlación baja en mid OK si pérdida mono < 1.5 dB · estado: activa
2026-07-13 23:27:20 [INFO] mixmaster.profiles: Snapshot del género: math_rock_v8_20260713-232720.md
2026-07-13 23:27:20 [INFO] mixmaster.profiles: Género math_rock revertido a math_rock_v1_20260713-225235.md
2026-07-13 23:27:20 [INFO] mixmaster.analysis: Cargando clipeado.wav…
2026-07-13 23:27:20 [INFO] mixmaster.analysis: Midiendo loudness (LUFS)…
2026-07-13 23:27:21 [INFO] mixmaster.analysis: Midiendo true peak y dinámica…
2026-07-13 23:27:22 [INFO] mixmaster.analysis: Analizando balance espectral…
2026-07-13 23:27:23 [INFO] mixmaster.analysis: Analizando imagen estéreo…
2026-07-13 23:27:24 [INFO] mixmaster.analysis: Generando alertas…
2026-07-13 23:27:24 [INFO] mixmaster.analysis: Análisis completado.
2026-07-13 23:27:24 [INFO] mixmaster.report: Diagnóstico guardado: C:\Users\bruno\AppData\Local\Temp\mixmaster_test_wix2h73h\Cancion_De_Prueba_v01\04_analisis\diagnostico_v01.json
2026-07-13 23:27:24 [INFO] mixmaster.decisions: Decisión guardada en C:\Users\bruno\AppData\Local\Temp\mixmaster_test_wix2h73h\Cancion_De_Prueba_v01\decisiones-y-feedback.md
2026-07-13 23:27:24 [INFO] mixmaster.profiles: Perfil v0.1 (perfil_bruno.md) conservado; la app usa perfiles/ y generos/
2026-07-13 23:27:24 [INFO] mixmaster.profiles: Perfil v0.1 (perfil_bruno.md) conservado; la app usa perfiles/ y generos/
2026-07-13 23:27:28 [INFO] mixmaster.profiles: Perfil v0.1 (perfil_bruno.md) conservado; la app usa perfiles/ y generos/
2026-07-13 23:27:28 [INFO] mixmaster.project: Proyecto abierto: D:\PROYECTOS REPOSITORIOS\DAW IA\MixMaster\proyectos\2
2026-07-13 23:28:39 [INFO] mixmaster.profiles: Perfil v0.1 (perfil_bruno.md) conservado; la app usa perfiles/ y generos/
2026-07-13 23:28:39 [INFO] mixmaster.project: Proyecto abierto: D:\PROYECTOS REPOSITORIOS\DAW IA\MixMaster\proyectos\2
2026-07-13 23:28:39 [INFO] mixmaster.main: MixMaster iniciado
2026-07-13 23:30:41 [INFO] mixmaster.profiles: Perfil v0.1 (perfil_bruno.md) conservado; la app usa perfiles/ y generos/
2026-07-13 23:30:42 [INFO] mixmaster.project: Proyecto abierto: D:\PROYECTOS REPOSITORIOS\DAW IA\MixMaster\proyectos\2
2026-07-13 23:30:42 [INFO] mixmaster.main: MixMaster iniciado
2026-07-13 23:34:38 [INFO] mixmaster.stems: Procesando stem 1/5: BASS.wav…
2026-07-13 23:34:39 [INFO] mixmaster.stems: Procesando stem 2/5: DRUMS.wav…
2026-07-13 23:34:39 [INFO] mixmaster.stems: Procesando stem 3/5: GTR 1.wav…
2026-07-13 23:34:40 [INFO] mixmaster.stems: Procesando stem 4/5: GTR 2.wav…
2026-07-13 23:34:40 [INFO] mixmaster.stems: Procesando stem 5/5: GTR 3.wav…
2026-07-13 23:34:41 [INFO] mixmaster.stems: Stems listos: 5 procesados, 0 errores.
2026-07-13 23:34:50 [INFO] mixmaster.processing: Sumando stems en mezcla virtual…
2026-07-13 23:34:50 [INFO] mixmaster.processing: Mezcla virtual: 5 stems sumados desde D:\PROYECTOS REPOSITORIOS\DAW IA\MixMaster\proyectos\2\05_mezclas_revision\stems_niveladas
2026-07-13 23:34:50 [INFO] mixmaster.processing: Analizando 3 referencia(s) (niveladas, perfil promedio)…
2026-07-13 23:35:39 [INFO] mixmaster.processing: Aplicando EQ correctivo 7 bandas (máx ±4 dB)…
2026-07-13 23:35:39 [INFO] mixmaster.processing: Ajustando imagen estéreo por banda…
2026-07-13 23:35:43 [INFO] mixmaster.processing: Añadiendo densidad (saturación suave) para el empuje de loudness…
2026-07-13 23:35:43 [INFO] mixmaster.processing: Normalizando a -7.5 LUFS (con convergencia)…
2026-07-13 23:35:44 [INFO] mixmaster.processing: Limitando picos (techo -1 dBTP, pasada 1)…
2026-07-13 23:35:48 [INFO] mixmaster.processing: Limitando picos (techo -1 dBTP, pasada 2)…
2026-07-13 23:35:52 [INFO] mixmaster.processing: Limitando picos (techo -1 dBTP, pasada 3)…
2026-07-13 23:35:55 [INFO] mixmaster.processing: Limitando picos (techo -1 dBTP, pasada 4)…
2026-07-13 23:36:00 [INFO] mixmaster.processing: Exportando WAV 24-bit y MP3…
2026-07-13 23:36:01 [INFO] mixmaster.processing: Master listo.
2026-07-13 23:36:01 [INFO] mixmaster.processing: Master: {'wav': 'D:\\PROYECTOS REPOSITORIOS\\DAW IA\\MixMaster\\proyectos\\2\\06_masters\\master_v01_stems.wav', 'mp3': 'D:\\PROYECTOS REPOSITORIOS\\DAW IA\\MixMaster\\proyectos\\2\\07_entregables\\master_v01_stems.mp3', 'lufs_final': -8.0, 'true_peak_final': -1.2, 'crest_final': 8.4, 'target_lufs': -7.5, 'eq_aplicado_db': {'sub': -0.8, 'low': -3.1, 'low_mid': 2.0, 'mid': 4.0, 'high_mid': 4.0, 'high': 4.0, 'air': 4.0}, 'ajuste_ancho_db': {'low_mid': -1.6, 'high': 2.0, 'air': 2.0}, 'densidad_aplicada': True, 'fuente': 'stems', 'referencias': ['02. Yesterdead.mp3', '04 Sketch.mp3', '09 - Splash.mp3']}
2026-07-13 23:42:45 [INFO] mixmaster.stems: Procesando stem 1/5: BASS.wav…
2026-07-13 23:42:45 [INFO] mixmaster.stems: Procesando stem 2/5: DRUMS.wav…
2026-07-13 23:42:45 [INFO] mixmaster.stems: Procesando stem 3/5: GTR 1.wav…
2026-07-13 23:42:46 [INFO] mixmaster.stems: Procesando stem 4/5: GTR 2.wav…
2026-07-13 23:42:46 [INFO] mixmaster.stems: Procesando stem 5/5: GTR 3.wav…
2026-07-13 23:42:47 [INFO] mixmaster.stems: Stems listos: 5 procesados, 0 errores.
2026-07-13 23:53:17 [INFO] mixmaster.project: Proyecto creado: C:\Users\bruno\AppData\Local\Temp\mixmaster_test_s_0619ro\Cancion_De_Prueba_v01
2026-07-13 23:53:17 [INFO] mixmaster.project: Proyecto con layout v0.1 (carpetas numeradas): C:\Users\bruno\AppData\Local\Temp\mixmaster_test_s_0619ro\proyecto_viejo
2026-07-13 23:53:17 [INFO] mixmaster.project: Proyecto abierto: C:\Users\bruno\AppData\Local\Temp\mixmaster_test_s_0619ro\proyecto_viejo
2026-07-13 23:53:18 [INFO] mixmaster.analysis: Cargando mezcla.wav…
2026-07-13 23:53:18 [INFO] mixmaster.analysis: Midiendo loudness (LUFS)…
2026-07-13 23:53:19 [INFO] mixmaster.analysis: Midiendo true peak y dinámica…
2026-07-13 23:53:19 [INFO] mixmaster.analysis: Analizando balance espectral…
2026-07-13 23:53:20 [INFO] mixmaster.analysis: Analizando imagen estéreo…
2026-07-13 23:53:21 [INFO] mixmaster.analysis: Analizando secciones…
2026-07-13 23:53:22 [INFO] mixmaster.analysis: Comparando contra 1 referencia(s) (niveladas en loudness)…
2026-07-13 23:53:24 [INFO] mixmaster.analysis: Generando alertas…
2026-07-13 23:53:24 [INFO] mixmaster.analysis: Análisis completado.
2026-07-13 23:53:24 [INFO] mixmaster.analysis: Cargando mezcla.wav…
2026-07-13 23:53:24 [INFO] mixmaster.analysis: Midiendo loudness (LUFS)…
2026-07-13 23:53:26 [INFO] mixmaster.analysis: Midiendo true peak y dinámica…
2026-07-13 23:53:26 [INFO] mixmaster.analysis: Analizando balance espectral…
2026-07-13 23:53:27 [INFO] mixmaster.analysis: Analizando imagen estéreo…
2026-07-13 23:53:28 [INFO] mixmaster.analysis: Comparando contra 1 referencia(s) (niveladas en loudness)…
2026-07-13 23:53:30 [INFO] mixmaster.analysis: Generando alertas…
2026-07-13 23:53:30 [INFO] mixmaster.analysis: Análisis completado.
2026-07-13 23:53:31 [INFO] mixmaster.analysis: Cargando mezcla.mp3…
2026-07-13 23:53:31 [INFO] mixmaster.analysis: Midiendo loudness (LUFS)…
2026-07-13 23:53:32 [INFO] mixmaster.analysis: Midiendo true peak y dinámica…
2026-07-13 23:53:33 [INFO] mixmaster.analysis: Analizando balance espectral…
2026-07-13 23:53:33 [INFO] mixmaster.analysis: Analizando imagen estéreo…
2026-07-13 23:53:34 [INFO] mixmaster.analysis: Generando alertas…
2026-07-13 23:53:34 [INFO] mixmaster.analysis: Análisis completado.
2026-07-13 23:53:34 [INFO] mixmaster.processing: Cargando mezcla…
2026-07-13 23:53:34 [INFO] mixmaster.processing: Analizando 1 referencia(s) (niveladas, perfil promedio)…
2026-07-13 23:53:37 [INFO] mixmaster.processing: Aplicando EQ correctivo 7 bandas (máx ±4 dB)…
2026-07-13 23:53:38 [INFO] mixmaster.processing: Ajustando imagen estéreo por banda…
2026-07-13 23:53:40 [INFO] mixmaster.processing: Normalizando a -10.0 LUFS (con convergencia)…
2026-07-13 23:53:40 [INFO] mixmaster.processing: Limitando picos (techo -1 dBTP, pasada 1)…
2026-07-13 23:53:43 [INFO] mixmaster.processing: Limitando picos (techo -1 dBTP, pasada 2)…
2026-07-13 23:53:47 [INFO] mixmaster.processing: Exportando WAV 24-bit y MP3…
2026-07-13 23:53:48 [INFO] mixmaster.processing: Master listo.
2026-07-13 23:53:48 [INFO] mixmaster.processing: Master: {'wav': 'C:\\Users\\bruno\\AppData\\Local\\Temp\\mixmaster_test_s_0619ro\\Cancion_De_Prueba_v01\\06_masters\\master_v01_mezcla.wav', 'mp3': 'C:\\Users\\bruno\\AppData\\Local\\Temp\\mixmaster_test_s_0619ro\\Cancion_De_Prueba_v01\\07_entregables\\master_v01_mezcla.mp3', 'lufs_final': -10.2, 'true_peak_final': -1.2, 'crest_final': 11.4, 'target_lufs': -10.0, 'eq_aplicado_db': {'sub': -0.2, 'low': -0.2, 'low_mid': -0.2, 'mid': -0.1, 'high_mid': -0.1, 'high': 0.4, 'air': 0.4}, 'ajuste_ancho_db': {}, 'densidad_aplicada': False, 'fuente': 'mezcla', 'referencias': ['referencia.wav']}
2026-07-13 23:53:48 [INFO] mixmaster.analysis: Cargando master_v01_mezcla.wav…
2026-07-13 23:53:48 [INFO] mixmaster.analysis: Midiendo loudness (LUFS)…
2026-07-13 23:53:49 [INFO] mixmaster.analysis: Midiendo true peak y dinámica…
2026-07-13 23:53:50 [INFO] mixmaster.analysis: Analizando balance espectral…
2026-07-13 23:53:50 [INFO] mixmaster.analysis: Analizando imagen estéreo…
2026-07-13 23:53:52 [INFO] mixmaster.analysis: Comparando contra 1 referencia(s) (niveladas en loudness)…
2026-07-13 23:53:54 [INFO] mixmaster.analysis: Generando alertas…
2026-07-13 23:53:54 [INFO] mixmaster.analysis: Análisis completado.
2026-07-13 23:53:54 [INFO] mixmaster.analysis: Cargando mezcla.wav…
2026-07-13 23:53:54 [INFO] mixmaster.analysis: Midiendo loudness (LUFS)…
2026-07-13 23:53:55 [INFO] mixmaster.analysis: Midiendo true peak y dinámica…
2026-07-13 23:53:56 [INFO] mixmaster.analysis: Analizando balance espectral…
2026-07-13 23:53:56 [INFO] mixmaster.analysis: Analizando imagen estéreo…
2026-07-13 23:53:57 [INFO] mixmaster.analysis: Comparando contra 2 referencia(s) (niveladas en loudness)…
2026-07-13 23:54:02 [INFO] mixmaster.analysis: Generando alertas…
2026-07-13 23:54:02 [INFO] mixmaster.analysis: Análisis completado.
2026-07-13 23:54:02 [INFO] mixmaster.processing: Cargando mezcla…
2026-07-13 23:54:02 [INFO] mixmaster.processing: Analizando 2 referencia(s) (niveladas, perfil promedio)…
2026-07-13 23:54:07 [INFO] mixmaster.processing: Aplicando EQ correctivo 7 bandas (máx ±4 dB)…
2026-07-13 23:54:07 [INFO] mixmaster.processing: Ajustando imagen estéreo por banda…
2026-07-13 23:54:09 [INFO] mixmaster.processing: Normalizando a -10.0 LUFS (con convergencia)…
2026-07-13 23:54:10 [INFO] mixmaster.processing: Limitando picos (techo -1 dBTP, pasada 1)…
2026-07-13 23:54:13 [INFO] mixmaster.processing: Limitando picos (techo -1 dBTP, pasada 2)…
2026-07-13 23:54:17 [INFO] mixmaster.processing: Exportando WAV 24-bit y MP3…
2026-07-13 23:54:17 [INFO] mixmaster.processing: Master listo.
2026-07-13 23:54:17 [INFO] mixmaster.processing: Master: {'wav': 'C:\\Users\\bruno\\AppData\\Local\\Temp\\mixmaster_test_s_0619ro\\Cancion_De_Prueba_v01\\06_masters\\master_v02r_mezcla.wav', 'mp3': 'C:\\Users\\bruno\\AppData\\Local\\Temp\\mixmaster_test_s_0619ro\\Cancion_De_Prueba_v01\\07_entregables\\master_v02r_mezcla.mp3', 'lufs_final': -10.2, 'true_peak_final': -1.2, 'crest_final': 11.4, 'target_lufs': -10.0, 'eq_aplicado_db': {'sub': -0.1, 'low': -0.1, 'low_mid': -0.2, 'mid': 0.0, 'high_mid': -0.1, 'high': 0.8, 'air': 0.3}, 'ajuste_ancho_db': {}, 'densidad_aplicada': False, 'fuente': 'mezcla', 'referencias': ['referencia.wav', 'referencia.mp3']}
2026-07-13 23:54:17 [INFO] mixmaster.processing: Cargando mezcla…
2026-07-13 23:54:17 [INFO] mixmaster.processing: Analizando 1 referencia(s) (niveladas, perfil promedio)…
2026-07-13 23:54:20 [INFO] mixmaster.processing: Aplicando EQ correctivo 7 bandas (máx ±4 dB)…
2026-07-13 23:54:21 [INFO] mixmaster.processing: Ajustando imagen estéreo por banda…
2026-07-13 23:54:23 [INFO] mixmaster.processing: Normalizando a -8.5 LUFS (con convergencia)…
2026-07-13 23:54:23 [INFO] mixmaster.processing: Limitando picos (techo -1 dBTP, pasada 1)…
2026-07-13 23:54:26 [INFO] mixmaster.processing: Limitando picos (techo -1 dBTP, pasada 2)…
2026-07-13 23:54:29 [INFO] mixmaster.processing: Limitando picos (techo -1 dBTP, pasada 3)…
2026-07-13 23:54:33 [INFO] mixmaster.processing: Limitando picos (techo -1 dBTP, pasada 4)…
2026-07-13 23:54:36 [INFO] mixmaster.processing: Exportando WAV 24-bit y MP3…
2026-07-13 23:54:37 [INFO] mixmaster.processing: Master listo.
2026-07-13 23:54:37 [INFO] mixmaster.processing: Master: {'wav': 'C:\\Users\\bruno\\AppData\\Local\\Temp\\mixmaster_test_s_0619ro\\Cancion_De_Prueba_v01\\06_masters\\master_v02_mezcla.wav', 'mp3': 'C:\\Users\\bruno\\AppData\\Local\\Temp\\mixmaster_test_s_0619ro\\Cancion_De_Prueba_v01\\07_entregables\\master_v02_mezcla.mp3', 'lufs_final': -8.7, 'true_peak_final': -1.2, 'crest_final': 10.0, 'target_lufs': -8.5, 'eq_aplicado_db': {'sub': -0.2, 'low': -0.2, 'low_mid': -0.2, 'mid': -0.1, 'high_mid': -0.1, 'high': 0.4, 'air': 0.4}, 'ajuste_ancho_db': {}, 'densidad_aplicada': False, 'fuente': 'mezcla', 'referencias': ['referencia.wav']}
2026-07-13 23:54:37 [INFO] mixmaster.stems: Procesando stem 1/3: bass_di.wav…
2026-07-13 23:54:37 [INFO] mixmaster.stems: Procesando stem 2/3: gtr_L.wav…
2026-07-13 23:54:37 [INFO] mixmaster.stems: Procesando stem 3/3: OH_drums.wav…
2026-07-13 23:54:37 [INFO] mixmaster.stems: Stems listos: 3 procesados, 0 errores.
2026-07-13 23:54:37 [INFO] mixmaster.processing: Mezcla virtual: 3 stems sumados desde C:\Users\bruno\AppData\Local\Temp\mixmaster_test_s_0619ro\Cancion_De_Prueba_v01\salida\stems_niveladas
2026-07-13 23:54:37 [INFO] mixmaster.processing: Sumando stems en mezcla virtual…
2026-07-13 23:54:37 [INFO] mixmaster.processing: Mezcla virtual: 3 stems sumados desde C:\Users\bruno\AppData\Local\Temp\mixmaster_test_s_0619ro\Cancion_De_Prueba_v01\salida\stems_niveladas
2026-07-13 23:54:37 [INFO] mixmaster.processing: Analizando 1 referencia(s) (niveladas, perfil promedio)…
2026-07-13 23:54:40 [INFO] mixmaster.processing: Aplicando EQ correctivo 7 bandas (máx ±4 dB)…
2026-07-13 23:54:40 [INFO] mixmaster.processing: Ajustando imagen estéreo por banda…
2026-07-13 23:54:40 [INFO] mixmaster.processing: Normalizando a -8.5 LUFS (con convergencia)…
2026-07-13 23:54:40 [INFO] mixmaster.processing: Limitando picos (techo -1 dBTP, pasada 1)…
2026-07-13 23:54:41 [INFO] mixmaster.processing: Exportando WAV 24-bit y MP3…
2026-07-13 23:54:41 [INFO] mixmaster.processing: Master listo.
2026-07-13 23:54:41 [INFO] mixmaster.processing: Master: {'wav': 'C:\\Users\\bruno\\AppData\\Local\\Temp\\mixmaster_test_s_0619ro\\Cancion_De_Prueba_v01\\06_masters\\master_v03_stems.wav', 'mp3': 'C:\\Users\\bruno\\AppData\\Local\\Temp\\mixmaster_test_s_0619ro\\Cancion_De_Prueba_v01\\07_entregables\\master_v03_stems.mp3', 'lufs_final': -8.6, 'true_peak_final': -1.2, 'crest_final': 9.3, 'target_lufs': -8.5, 'eq_aplicado_db': {'sub': -4.0, 'low': 2.1, 'low_mid': 4.0, 'mid': -4.0, 'high_mid': 4.0, 'high': 2.9, 'air': 2.8}, 'ajuste_ancho_db': {'low_mid': -2.0, 'high_mid': -2.0, 'high': -2.0, 'air': -2.0}, 'densidad_aplicada': False, 'fuente': 'stems', 'referencias': ['referencia.wav']}
2026-07-13 23:54:41 [INFO] mixmaster.profiles: Perfil v0.1 (perfil_bruno.md) conservado; la app usa perfiles/ y generos/
2026-07-13 23:54:41 [INFO] mixmaster.analysis: Cargando mezcla.wav…
2026-07-13 23:54:41 [INFO] mixmaster.analysis: Midiendo loudness (LUFS)…
2026-07-13 23:54:42 [INFO] mixmaster.analysis: Midiendo true peak y dinámica…
2026-07-13 23:54:43 [INFO] mixmaster.analysis: Analizando balance espectral…
2026-07-13 23:54:43 [INFO] mixmaster.analysis: Analizando imagen estéreo…
2026-07-13 23:54:45 [INFO] mixmaster.analysis: Comparando contra 2 referencia(s) (niveladas en loudness)…
2026-07-13 23:54:49 [INFO] mixmaster.analysis: Generando alertas…
2026-07-13 23:54:49 [INFO] mixmaster.analysis: Análisis completado.
2026-07-13 23:54:49 [INFO] mixmaster.profiles: Snapshot del género: math_rock_v1_20260713-235449.md
2026-07-13 23:54:49 [INFO] mixmaster.profiles: Género math_rock actualizado: - [2026-07-13] · wav mix.wav · correlación baja en mid OK si pérdida mono < 1.5 dB · estado: activa
2026-07-13 23:54:49 [INFO] mixmaster.profiles: Snapshot del género: math_rock_v2_20260713-235449.md
2026-07-13 23:54:49 [INFO] mixmaster.profiles: Género math_rock revertido a math_rock_v1_20260713-235449.md
2026-07-13 23:54:50 [INFO] mixmaster.analysis: Cargando clipeado.wav…
2026-07-13 23:54:50 [INFO] mixmaster.analysis: Midiendo loudness (LUFS)…
2026-07-13 23:54:51 [INFO] mixmaster.analysis: Midiendo true peak y dinámica…
2026-07-13 23:54:51 [INFO] mixmaster.analysis: Analizando balance espectral…
2026-07-13 23:54:52 [INFO] mixmaster.analysis: Analizando imagen estéreo…
2026-07-13 23:54:53 [INFO] mixmaster.analysis: Generando alertas…
2026-07-13 23:54:53 [INFO] mixmaster.analysis: Análisis completado.
2026-07-13 23:54:53 [INFO] mixmaster.report: Diagnóstico guardado: C:\Users\bruno\AppData\Local\Temp\mixmaster_test_s_0619ro\Cancion_De_Prueba_v01\analisis\diagnostico_v01.json
2026-07-13 23:54:53 [INFO] mixmaster.decisions: Decisión guardada en C:\Users\bruno\AppData\Local\Temp\mixmaster_test_s_0619ro\Cancion_De_Prueba_v01\decisiones-y-feedback.md
2026-07-13 23:54:53 [INFO] mixmaster.profiles: Perfil v0.1 (perfil_bruno.md) conservado; la app usa perfiles/ y generos/
2026-07-13 23:54:53 [INFO] mixmaster.profiles: Perfil v0.1 (perfil_bruno.md) conservado; la app usa perfiles/ y generos/
2026-07-13 23:54:57 [INFO] mixmaster.profiles: Perfil v0.1 (perfil_bruno.md) conservado; la app usa perfiles/ y generos/
2026-07-13 23:54:57 [INFO] mixmaster.project: Proyecto con layout v0.1 (carpetas numeradas): D:\PROYECTOS REPOSITORIOS\DAW IA\MixMaster\proyectos\2
2026-07-13 23:54:57 [INFO] mixmaster.project: Proyecto abierto: D:\PROYECTOS REPOSITORIOS\DAW IA\MixMaster\proyectos\2
2026-07-13 23:55:44 [INFO] mixmaster.profiles: Perfil v0.1 (perfil_bruno.md) conservado; la app usa perfiles/ y generos/
2026-07-13 23:55:44 [INFO] mixmaster.project: Proyecto con layout v0.1 (carpetas numeradas): D:\PROYECTOS REPOSITORIOS\DAW IA\MixMaster\proyectos\2
2026-07-13 23:55:44 [INFO] mixmaster.project: Proyecto abierto: D:\PROYECTOS REPOSITORIOS\DAW IA\MixMaster\proyectos\2
2026-07-13 23:55:44 [INFO] mixmaster.main: MixMaster iniciado
2026-07-13 23:57:37 [INFO] mixmaster.analysis: Cargando wav mix.wav…
2026-07-13 23:57:37 [INFO] mixmaster.analysis: Midiendo loudness (LUFS)…
2026-07-13 23:57:38 [INFO] mixmaster.analysis: Midiendo true peak y dinámica…
2026-07-13 23:57:39 [INFO] mixmaster.analysis: Analizando balance espectral…
2026-07-13 23:57:40 [INFO] mixmaster.analysis: Analizando imagen estéreo…
2026-07-13 23:57:41 [INFO] mixmaster.analysis: Comparando contra 3 referencia(s) (niveladas en loudness)…
2026-07-13 23:58:22 [INFO] mixmaster.analysis: Generando alertas…
2026-07-13 23:58:22 [INFO] mixmaster.analysis: Análisis completado.
2026-07-13 23:58:23 [INFO] mixmaster.report: Diagnóstico guardado: D:\PROYECTOS REPOSITORIOS\DAW IA\MixMaster\proyectos\2\04_analisis\diagnostico_v03.json
2026-07-14 00:00:21 [INFO] mixmaster.profiles: Perfil v0.1 (perfil_bruno.md) conservado; la app usa perfiles/ y generos/
2026-07-14 00:00:21 [INFO] mixmaster.project: Proyecto con layout v0.1 (carpetas numeradas): D:\PROYECTOS REPOSITORIOS\DAW IA\MixMaster\proyectos\2
2026-07-14 00:00:21 [INFO] mixmaster.project: Proyecto abierto: D:\PROYECTOS REPOSITORIOS\DAW IA\MixMaster\proyectos\2
2026-07-14 00:10:37 [INFO] mixmaster.profiles: Perfil v0.1 (perfil_bruno.md) conservado; la app usa perfiles/ y generos/
2026-07-14 00:10:38 [INFO] mixmaster.project: Proyecto con layout v0.1 (carpetas numeradas): D:\PROYECTOS REPOSITORIOS\DAW IA\MixMaster\proyectos\2
2026-07-14 00:10:38 [INFO] mixmaster.project: Proyecto abierto: D:\PROYECTOS REPOSITORIOS\DAW IA\MixMaster\proyectos\2
2026-07-14 00:10:38 [INFO] mixmaster.main: MixMaster iniciado
2026-07-14 00:10:44 [INFO] mixmaster.project: Proyecto creado: D:\PROYECTOS REPOSITORIOS\DAW IA\MixMaster\proyectos\3
2026-07-14 00:17:11 [INFO] mixmaster.project: Proyecto creado: C:\Users\bruno\AppData\Local\Temp\mixmaster_test_ofsr3y10\Cancion_De_Prueba_v01
2026-07-14 00:17:11 [INFO] mixmaster.project: Proyecto con layout v0.1 (carpetas numeradas): C:\Users\bruno\AppData\Local\Temp\mixmaster_test_ofsr3y10\proyecto_viejo
2026-07-14 00:17:11 [INFO] mixmaster.project: Proyecto abierto: C:\Users\bruno\AppData\Local\Temp\mixmaster_test_ofsr3y10\proyecto_viejo
2026-07-14 00:17:12 [INFO] mixmaster.analysis: Cargando mezcla.wav…
2026-07-14 00:17:12 [INFO] mixmaster.analysis: Midiendo loudness (LUFS)…
2026-07-14 00:17:13 [INFO] mixmaster.analysis: Midiendo true peak y dinámica…
2026-07-14 00:17:14 [INFO] mixmaster.analysis: Analizando balance espectral…
2026-07-14 00:17:14 [INFO] mixmaster.analysis: Analizando imagen estéreo…
2026-07-14 00:17:16 [INFO] mixmaster.analysis: Analizando secciones…
2026-07-14 00:17:16 [INFO] mixmaster.analysis: Comparando contra 1 referencia(s) (niveladas en loudness)…
2026-07-14 00:17:18 [INFO] mixmaster.analysis: Generando alertas…
2026-07-14 00:17:18 [INFO] mixmaster.analysis: Análisis completado.
2026-07-14 00:17:19 [INFO] mixmaster.analysis: Cargando mezcla.wav…
2026-07-14 00:17:19 [INFO] mixmaster.analysis: Midiendo loudness (LUFS)…
2026-07-14 00:17:20 [INFO] mixmaster.analysis: Midiendo true peak y dinámica…
2026-07-14 00:17:21 [INFO] mixmaster.analysis: Analizando balance espectral…
2026-07-14 00:17:21 [INFO] mixmaster.analysis: Analizando imagen estéreo…
2026-07-14 00:17:23 [INFO] mixmaster.analysis: Comparando contra 1 referencia(s) (niveladas en loudness)…
2026-07-14 00:17:25 [INFO] mixmaster.analysis: Generando alertas…
2026-07-14 00:17:25 [INFO] mixmaster.analysis: Análisis completado.
2026-07-14 00:17:25 [INFO] mixmaster.analysis: Cargando mezcla.mp3…
2026-07-14 00:17:25 [INFO] mixmaster.analysis: Midiendo loudness (LUFS)…
2026-07-14 00:17:27 [INFO] mixmaster.analysis: Midiendo true peak y dinámica…
2026-07-14 00:17:27 [INFO] mixmaster.analysis: Analizando balance espectral…
2026-07-14 00:17:28 [INFO] mixmaster.analysis: Analizando imagen estéreo…
2026-07-14 00:17:29 [INFO] mixmaster.analysis: Generando alertas…
2026-07-14 00:17:29 [INFO] mixmaster.analysis: Análisis completado.
2026-07-14 00:17:29 [INFO] mixmaster.processing: Cargando mezcla…
2026-07-14 00:17:29 [INFO] mixmaster.processing: Analizando 1 referencia(s) (niveladas, perfil promedio)…
2026-07-14 00:17:32 [INFO] mixmaster.processing: Aplicando EQ correctivo 7 bandas (máx ±4 dB)…
2026-07-14 00:17:33 [INFO] mixmaster.processing: Ajustando imagen estéreo por banda…
2026-07-14 00:17:35 [INFO] mixmaster.processing: Normalizando a -10.0 LUFS (con convergencia)…
2026-07-14 00:17:35 [INFO] mixmaster.processing: Limitando picos (techo -1 dBTP, pasada 1)…
2026-07-14 00:17:38 [INFO] mixmaster.processing: Limitando picos (techo -1 dBTP, pasada 2)…
2026-07-14 00:17:42 [INFO] mixmaster.processing: Exportando WAV 24-bit y MP3…
2026-07-14 00:17:43 [INFO] mixmaster.processing: Master listo.
2026-07-14 00:17:43 [INFO] mixmaster.processing: Master: {'wav': 'C:\\Users\\bruno\\AppData\\Local\\Temp\\mixmaster_test_ofsr3y10\\Cancion_De_Prueba_v01\\06_masters\\master_v01_mezcla.wav', 'mp3': 'C:\\Users\\bruno\\AppData\\Local\\Temp\\mixmaster_test_ofsr3y10\\Cancion_De_Prueba_v01\\07_entregables\\master_v01_mezcla.mp3', 'lufs_final': -10.2, 'true_peak_final': -1.2, 'crest_final': 11.4, 'target_lufs': -10.0, 'eq_aplicado_db': {'sub': -0.2, 'low': -0.2, 'low_mid': -0.2, 'mid': -0.1, 'high_mid': -0.1, 'high': 0.4, 'air': 0.4}, 'ajuste_ancho_db': {}, 'densidad_aplicada': False, 'fuente': 'mezcla', 'referencias': ['referencia.wav']}
2026-07-14 00:17:43 [INFO] mixmaster.analysis: Cargando master_v01_mezcla.wav…
2026-07-14 00:17:43 [INFO] mixmaster.analysis: Midiendo loudness (LUFS)…
2026-07-14 00:17:44 [INFO] mixmaster.analysis: Midiendo true peak y dinámica…
2026-07-14 00:17:45 [INFO] mixmaster.analysis: Analizando balance espectral…
2026-07-14 00:17:45 [INFO] mixmaster.analysis: Analizando imagen estéreo…
2026-07-14 00:17:47 [INFO] mixmaster.analysis: Comparando contra 1 referencia(s) (niveladas en loudness)…
2026-07-14 00:17:49 [INFO] mixmaster.analysis: Generando alertas…
2026-07-14 00:17:49 [INFO] mixmaster.analysis: Análisis completado.
2026-07-14 00:17:49 [INFO] mixmaster.analysis: Cargando mezcla.wav…
2026-07-14 00:17:49 [INFO] mixmaster.analysis: Midiendo loudness (LUFS)…
2026-07-14 00:17:50 [INFO] mixmaster.analysis: Midiendo true peak y dinámica…
2026-07-14 00:17:51 [INFO] mixmaster.analysis: Analizando balance espectral…
2026-07-14 00:17:51 [INFO] mixmaster.analysis: Analizando imagen estéreo…
2026-07-14 00:17:53 [INFO] mixmaster.analysis: Comparando contra 2 referencia(s) (niveladas en loudness)…
2026-07-14 00:17:57 [INFO] mixmaster.analysis: Generando alertas…
2026-07-14 00:17:57 [INFO] mixmaster.analysis: Análisis completado.
2026-07-14 00:17:57 [INFO] mixmaster.processing: Cargando mezcla…
2026-07-14 00:17:57 [INFO] mixmaster.processing: Analizando 2 referencia(s) (niveladas, perfil promedio)…
2026-07-14 00:18:02 [INFO] mixmaster.processing: Aplicando EQ correctivo 7 bandas (máx ±4 dB)…
2026-07-14 00:18:03 [INFO] mixmaster.processing: Ajustando imagen estéreo por banda…
2026-07-14 00:18:05 [INFO] mixmaster.processing: Normalizando a -10.0 LUFS (con convergencia)…
2026-07-14 00:18:05 [INFO] mixmaster.processing: Limitando picos (techo -1 dBTP, pasada 1)…
2026-07-14 00:18:08 [INFO] mixmaster.processing: Limitando picos (techo -1 dBTP, pasada 2)…
2026-07-14 00:18:12 [INFO] mixmaster.processing: Exportando WAV 24-bit y MP3…
2026-07-14 00:18:13 [INFO] mixmaster.processing: Master listo.
2026-07-14 00:18:13 [INFO] mixmaster.processing: Master: {'wav': 'C:\\Users\\bruno\\AppData\\Local\\Temp\\mixmaster_test_ofsr3y10\\Cancion_De_Prueba_v01\\06_masters\\master_v02r_mezcla.wav', 'mp3': 'C:\\Users\\bruno\\AppData\\Local\\Temp\\mixmaster_test_ofsr3y10\\Cancion_De_Prueba_v01\\07_entregables\\master_v02r_mezcla.mp3', 'lufs_final': -10.2, 'true_peak_final': -1.2, 'crest_final': 11.4, 'target_lufs': -10.0, 'eq_aplicado_db': {'sub': -0.1, 'low': -0.1, 'low_mid': -0.2, 'mid': 0.0, 'high_mid': -0.1, 'high': 0.8, 'air': 0.3}, 'ajuste_ancho_db': {}, 'densidad_aplicada': False, 'fuente': 'mezcla', 'referencias': ['referencia.wav', 'referencia.mp3']}
2026-07-14 00:18:13 [INFO] mixmaster.processing: Cargando mezcla…
2026-07-14 00:18:13 [INFO] mixmaster.processing: Analizando 1 referencia(s) (niveladas, perfil promedio)…
2026-07-14 00:18:16 [INFO] mixmaster.processing: Aplicando EQ correctivo 7 bandas (máx ±4 dB)…
2026-07-14 00:18:16 [INFO] mixmaster.processing: Ajustando imagen estéreo por banda…
2026-07-14 00:18:19 [INFO] mixmaster.processing: Normalizando a -8.5 LUFS (con convergencia)…
2026-07-14 00:18:19 [INFO] mixmaster.processing: Limitando picos (techo -1 dBTP, pasada 1)…
2026-07-14 00:18:22 [INFO] mixmaster.processing: Limitando picos (techo -1 dBTP, pasada 2)…
2026-07-14 00:18:25 [INFO] mixmaster.processing: Limitando picos (techo -1 dBTP, pasada 3)…
2026-07-14 00:18:28 [INFO] mixmaster.processing: Limitando picos (techo -1 dBTP, pasada 4)…
2026-07-14 00:18:32 [INFO] mixmaster.processing: Exportando WAV 24-bit y MP3…
2026-07-14 00:18:32 [INFO] mixmaster.processing: Master listo.
2026-07-14 00:18:32 [INFO] mixmaster.processing: Master: {'wav': 'C:\\Users\\bruno\\AppData\\Local\\Temp\\mixmaster_test_ofsr3y10\\Cancion_De_Prueba_v01\\06_masters\\master_v02_mezcla.wav', 'mp3': 'C:\\Users\\bruno\\AppData\\Local\\Temp\\mixmaster_test_ofsr3y10\\Cancion_De_Prueba_v01\\07_entregables\\master_v02_mezcla.mp3', 'lufs_final': -8.7, 'true_peak_final': -1.2, 'crest_final': 10.0, 'target_lufs': -8.5, 'eq_aplicado_db': {'sub': -0.2, 'low': -0.2, 'low_mid': -0.2, 'mid': -0.1, 'high_mid': -0.1, 'high': 0.4, 'air': 0.4}, 'ajuste_ancho_db': {}, 'densidad_aplicada': False, 'fuente': 'mezcla', 'referencias': ['referencia.wav']}
2026-07-14 00:18:32 [INFO] mixmaster.stems: Procesando stem 1/3: bass_di.wav…
2026-07-14 00:18:32 [INFO] mixmaster.stems: Procesando stem 2/3: gtr_L.wav…
2026-07-14 00:18:33 [INFO] mixmaster.stems: Procesando stem 3/3: OH_drums.wav…
2026-07-14 00:18:33 [INFO] mixmaster.stems: Stems listos: 3 procesados, 0 errores.
2026-07-14 00:18:33 [INFO] mixmaster.processing: Mezcla virtual: 3 stems sumados desde C:\Users\bruno\AppData\Local\Temp\mixmaster_test_ofsr3y10\Cancion_De_Prueba_v01\salida\stems_niveladas
2026-07-14 00:18:33 [INFO] mixmaster.processing: Sumando stems en mezcla virtual…
2026-07-14 00:18:33 [INFO] mixmaster.processing: Mezcla virtual: 3 stems sumados desde C:\Users\bruno\AppData\Local\Temp\mixmaster_test_ofsr3y10\Cancion_De_Prueba_v01\salida\stems_niveladas
2026-07-14 00:18:33 [INFO] mixmaster.processing: Analizando 1 referencia(s) (niveladas, perfil promedio)…
2026-07-14 00:18:35 [INFO] mixmaster.processing: Aplicando EQ correctivo 7 bandas (máx ±4 dB)…
2026-07-14 00:18:35 [INFO] mixmaster.processing: Ajustando imagen estéreo por banda…
2026-07-14 00:18:36 [INFO] mixmaster.processing: Normalizando a -8.5 LUFS (con convergencia)…
2026-07-14 00:18:36 [INFO] mixmaster.processing: Limitando picos (techo -1 dBTP, pasada 1)…
2026-07-14 00:18:36 [INFO] mixmaster.processing: Exportando WAV 24-bit y MP3…
2026-07-14 00:18:37 [INFO] mixmaster.processing: Master listo.
2026-07-14 00:18:37 [INFO] mixmaster.processing: Master: {'wav': 'C:\\Users\\bruno\\AppData\\Local\\Temp\\mixmaster_test_ofsr3y10\\Cancion_De_Prueba_v01\\06_masters\\master_v03_stems.wav', 'mp3': 'C:\\Users\\bruno\\AppData\\Local\\Temp\\mixmaster_test_ofsr3y10\\Cancion_De_Prueba_v01\\07_entregables\\master_v03_stems.mp3', 'lufs_final': -8.6, 'true_peak_final': -1.2, 'crest_final': 9.3, 'target_lufs': -8.5, 'eq_aplicado_db': {'sub': -4.0, 'low': 2.1, 'low_mid': 4.0, 'mid': -4.0, 'high_mid': 4.0, 'high': 2.9, 'air': 2.8}, 'ajuste_ancho_db': {'low_mid': -2.0, 'high_mid': -2.0, 'high': -2.0, 'air': -2.0}, 'densidad_aplicada': False, 'fuente': 'stems', 'referencias': ['referencia.wav']}
2026-07-14 00:18:37 [INFO] mixmaster.profiles: Perfil v0.1 (perfil_bruno.md) conservado; la app usa perfiles/ y generos/
2026-07-14 00:18:37 [INFO] mixmaster.analysis: Cargando mezcla.wav…
2026-07-14 00:18:37 [INFO] mixmaster.analysis: Midiendo loudness (LUFS)…
2026-07-14 00:18:38 [INFO] mixmaster.analysis: Midiendo true peak y dinámica…
2026-07-14 00:18:38 [INFO] mixmaster.analysis: Analizando balance espectral…
2026-07-14 00:18:39 [INFO] mixmaster.analysis: Analizando imagen estéreo…
2026-07-14 00:18:40 [INFO] mixmaster.analysis: Comparando contra 2 referencia(s) (niveladas en loudness)…
2026-07-14 00:18:45 [INFO] mixmaster.analysis: Generando alertas…
2026-07-14 00:18:45 [INFO] mixmaster.analysis: Análisis completado.
2026-07-14 00:18:45 [INFO] mixmaster.profiles: Snapshot del género: math_rock_v3_20260714-001845.md
2026-07-14 00:18:45 [INFO] mixmaster.profiles: Género math_rock actualizado: - [2026-07-14] · wav mix.wav · correlación baja en mid OK si pérdida mono < 1.5 dB · estado: activa
2026-07-14 00:18:45 [INFO] mixmaster.profiles: Snapshot del género: math_rock_v4_20260714-001845.md
2026-07-14 00:18:45 [INFO] mixmaster.profiles: Género math_rock revertido a math_rock_v1_20260713-235449.md
2026-07-14 00:18:45 [INFO] mixmaster.analysis: Cargando clipeado.wav…
2026-07-14 00:18:45 [INFO] mixmaster.analysis: Midiendo loudness (LUFS)…
2026-07-14 00:18:46 [INFO] mixmaster.analysis: Midiendo true peak y dinámica…
2026-07-14 00:18:47 [INFO] mixmaster.analysis: Analizando balance espectral…
2026-07-14 00:18:47 [INFO] mixmaster.analysis: Analizando imagen estéreo…
2026-07-14 00:18:49 [INFO] mixmaster.analysis: Generando alertas…
2026-07-14 00:18:49 [INFO] mixmaster.analysis: Análisis completado.
2026-07-14 00:18:49 [INFO] mixmaster.report: Diagnóstico guardado: C:\Users\bruno\AppData\Local\Temp\mixmaster_test_ofsr3y10\Cancion_De_Prueba_v01\analisis\diagnostico_v01.json
2026-07-14 00:18:49 [INFO] mixmaster.decisions: Decisión guardada en C:\Users\bruno\AppData\Local\Temp\mixmaster_test_ofsr3y10\Cancion_De_Prueba_v01\decisiones-y-feedback.md
2026-07-14 00:18:49 [INFO] mixmaster.profiles: Perfil v0.1 (perfil_bruno.md) conservado; la app usa perfiles/ y generos/
2026-07-14 00:18:49 [INFO] mixmaster.profiles: Perfil v0.1 (perfil_bruno.md) conservado; la app usa perfiles/ y generos/
2026-07-14 00:18:52 [INFO] mixmaster.profiles: Perfil v0.1 (perfil_bruno.md) conservado; la app usa perfiles/ y generos/
2026-07-14 00:18:52 [INFO] mixmaster.project: Proyecto abierto: D:\PROYECTOS REPOSITORIOS\DAW IA\MixMaster\proyectos\3
2026-07-14 00:18:56 [INFO] mixmaster.profiles: Perfil v0.1 (perfil_bruno.md) conservado; la app usa perfiles/ y generos/
2026-07-14 00:18:56 [INFO] mixmaster.project: Proyecto abierto: D:\PROYECTOS REPOSITORIOS\DAW IA\MixMaster\proyectos\3
2026-07-14 00:18:56 [INFO] mixmaster.main: MixMaster iniciado
2026-07-14 17:13:30 [INFO] mixmaster.project: Proyecto creado: C:\Users\bruno\AppData\Local\Temp\mixmaster_test_3oui27zn\Cancion_De_Prueba_v01
2026-07-14 17:13:30 [INFO] mixmaster.project: Proyecto con layout v0.1 (carpetas numeradas): C:\Users\bruno\AppData\Local\Temp\mixmaster_test_3oui27zn\proyecto_viejo
2026-07-14 17:13:30 [INFO] mixmaster.project: Proyecto abierto: C:\Users\bruno\AppData\Local\Temp\mixmaster_test_3oui27zn\proyecto_viejo
2026-07-14 17:13:30 [INFO] mixmaster.analysis: Cargando mezcla.wav…
2026-07-14 17:13:30 [INFO] mixmaster.analysis: Midiendo loudness (LUFS)…
2026-07-14 17:13:31 [INFO] mixmaster.analysis: Midiendo true peak y dinámica…
2026-07-14 17:13:31 [INFO] mixmaster.analysis: Analizando balance espectral…
2026-07-14 17:13:31 [INFO] mixmaster.analysis: Analizando imagen estéreo…
2026-07-14 17:13:31 [INFO] mixmaster.analysis: Analizando secciones…
2026-07-14 17:13:31 [INFO] mixmaster.analysis: Comparando contra 1 referencia(s) (niveladas en loudness)…
2026-07-14 17:13:32 [INFO] mixmaster.analysis: Generando alertas…
2026-07-14 17:13:32 [INFO] mixmaster.analysis: Análisis completado.
2026-07-14 17:13:32 [INFO] mixmaster.analysis: Cargando mezcla.wav…
2026-07-14 17:13:32 [INFO] mixmaster.analysis: Midiendo loudness (LUFS)…
2026-07-14 17:13:33 [INFO] mixmaster.analysis: Midiendo true peak y dinámica…
2026-07-14 17:13:33 [INFO] mixmaster.analysis: Analizando balance espectral…
2026-07-14 17:13:33 [INFO] mixmaster.analysis: Analizando imagen estéreo…
2026-07-14 17:13:33 [INFO] mixmaster.analysis: Comparando contra 1 referencia(s) (niveladas en loudness)…
2026-07-14 17:13:34 [INFO] mixmaster.analysis: Generando alertas…
2026-07-14 17:13:34 [INFO] mixmaster.analysis: Análisis completado.
2026-07-14 17:13:34 [INFO] mixmaster.analysis: Cargando mezcla.mp3…
2026-07-14 17:13:34 [INFO] mixmaster.analysis: Midiendo loudness (LUFS)…
2026-07-14 17:13:35 [INFO] mixmaster.analysis: Midiendo true peak y dinámica…
2026-07-14 17:13:35 [INFO] mixmaster.analysis: Analizando balance espectral…
2026-07-14 17:13:35 [INFO] mixmaster.analysis: Analizando imagen estéreo…
2026-07-14 17:13:35 [INFO] mixmaster.analysis: Generando alertas…
2026-07-14 17:13:35 [INFO] mixmaster.analysis: Análisis completado.
2026-07-14 17:13:35 [INFO] mixmaster.processing: Cargando mezcla…
2026-07-14 17:13:35 [INFO] mixmaster.processing: Analizando 1 referencia(s) (niveladas, perfil promedio)…
2026-07-14 17:13:36 [INFO] mixmaster.processing: Matching espectral fino (1/3 octava, máx ±4 dB)…
2026-07-14 17:13:36 [INFO] mixmaster.processing: Ajustando imagen estéreo por banda…
2026-07-14 17:13:37 [INFO] mixmaster.processing: Normalizando a -10.0 LUFS (con convergencia)…
2026-07-14 17:13:37 [INFO] mixmaster.processing: Limitando picos (techo -1 dBTP, pasada 1)…
2026-07-14 17:13:38 [INFO] mixmaster.processing: Limitando picos (techo -1 dBTP, pasada 2)…
2026-07-14 17:13:40 [INFO] mixmaster.processing: Calculando score de similitud vs referencias…
2026-07-14 17:13:40 [INFO] mixmaster.processing: Exportando WAV 24-bit y MP3…
2026-07-14 17:13:40 [INFO] mixmaster.processing: Master listo.
2026-07-14 17:13:40 [INFO] mixmaster.processing: Master: {'wav': 'C:\\Users\\bruno\\AppData\\Local\\Temp\\mixmaster_test_3oui27zn\\Cancion_De_Prueba_v01\\06_masters\\master_v01_mezcla.wav', 'mp3': 'C:\\Users\\bruno\\AppData\\Local\\Temp\\mixmaster_test_3oui27zn\\Cancion_De_Prueba_v01\\07_entregables\\master_v01_mezcla.mp3', 'lufs_final': -10.2, 'true_peak_final': -1.2, 'crest_final': 11.4, 'target_lufs': -10.0, 'eq_aplicado_db': {'sub': -0.2, 'low': -0.1, 'low_mid': 0.0, 'mid': 0.1, 'high_mid': 0.0, 'high': 0.1, 'air': 0.1}, 'ajuste_ancho_db': {}, 'densidad_aplicada': False, 'fuente': 'mezcla', 'referencias': ['referencia.wav'], 'score': {'tonal': 97, 'dinamica': 87, 'imagen': 92, 'global': 94}}
2026-07-14 17:13:40 [INFO] mixmaster.analysis: Cargando master_v01_mezcla.wav…
2026-07-14 17:13:40 [INFO] mixmaster.analysis: Midiendo loudness (LUFS)…
2026-07-14 17:13:41 [INFO] mixmaster.analysis: Midiendo true peak y dinámica…
2026-07-14 17:13:41 [INFO] mixmaster.analysis: Analizando balance espectral…
2026-07-14 17:13:41 [INFO] mixmaster.analysis: Analizando imagen estéreo…
2026-07-14 17:13:41 [INFO] mixmaster.analysis: Comparando contra 1 referencia(s) (niveladas en loudness)…
2026-07-14 17:13:42 [INFO] mixmaster.analysis: Generando alertas…
2026-07-14 17:13:42 [INFO] mixmaster.analysis: Análisis completado.
2026-07-14 17:13:42 [INFO] mixmaster.analysis: Cargando mezcla.wav…
2026-07-14 17:13:42 [INFO] mixmaster.analysis: Midiendo loudness (LUFS)…
2026-07-14 17:13:42 [INFO] mixmaster.analysis: Midiendo true peak y dinámica…
2026-07-14 17:13:42 [INFO] mixmaster.analysis: Analizando balance espectral…
2026-07-14 17:13:43 [INFO] mixmaster.analysis: Analizando imagen estéreo…
2026-07-14 17:13:43 [INFO] mixmaster.analysis: Comparando contra 2 referencia(s) (niveladas en loudness)…
2026-07-14 17:13:44 [INFO] mixmaster.analysis: Generando alertas…
2026-07-14 17:13:44 [INFO] mixmaster.analysis: Análisis completado.
2026-07-14 17:13:44 [INFO] mixmaster.processing: Cargando mezcla…
2026-07-14 17:13:44 [INFO] mixmaster.processing: Analizando 2 referencia(s) (niveladas, perfil promedio)…
2026-07-14 17:13:45 [INFO] mixmaster.processing: Matching espectral fino (1/3 octava, máx ±4 dB)…
2026-07-14 17:13:46 [INFO] mixmaster.processing: Ajustando imagen estéreo por banda…
2026-07-14 17:13:46 [INFO] mixmaster.processing: Normalizando a -10.0 LUFS (con convergencia)…
2026-07-14 17:13:46 [INFO] mixmaster.processing: Limitando picos (techo -1 dBTP, pasada 1)…
2026-07-14 17:13:47 [INFO] mixmaster.processing: Limitando picos (techo -1 dBTP, pasada 2)…
2026-07-14 17:13:49 [INFO] mixmaster.processing: Calculando score de similitud vs referencias…
2026-07-14 17:13:49 [INFO] mixmaster.processing: Exportando WAV 24-bit y MP3…
2026-07-14 17:14:15 [INFO] mixmaster.processing: Master listo.
2026-07-14 17:14:15 [INFO] mixmaster.processing: Master: {'wav': 'C:\\Users\\bruno\\AppData\\Local\\Temp\\mixmaster_test_3oui27zn\\Cancion_De_Prueba_v01\\06_masters\\master_v02r_mezcla.wav', 'mp3': 'C:\\Users\\bruno\\AppData\\Local\\Temp\\mixmaster_test_3oui27zn\\Cancion_De_Prueba_v01\\07_entregables\\master_v02r_mezcla.mp3', 'lufs_final': -10.2, 'true_peak_final': -1.2, 'crest_final': 11.3, 'target_lufs': -10.0, 'eq_aplicado_db': {'sub': 0.1, 'low': 0.5, 'low_mid': -0.0, 'mid': 0.0, 'high_mid': -0.0, 'high': 0.3, 'air': -0.6}, 'ajuste_ancho_db': {}, 'densidad_aplicada': False, 'fuente': 'mezcla', 'referencias': ['referencia.wav', 'referencia.mp3'], 'score': {'tonal': 96, 'dinamica': 87, 'imagen': 92, 'global': 93}}
2026-07-14 17:14:15 [INFO] mixmaster.processing: Cargando mezcla…
2026-07-14 17:14:15 [INFO] mixmaster.processing: Analizando 1 referencia(s) (niveladas, perfil promedio)…
2026-07-14 17:14:15 [INFO] mixmaster.processing: Matching espectral fino (1/3 octava, máx ±4 dB)…
2026-07-14 17:14:16 [INFO] mixmaster.processing: Ajustando imagen estéreo por banda…
2026-07-14 17:14:16 [INFO] mixmaster.processing: Normalizando a -8.5 LUFS (con convergencia)…
2026-07-14 17:14:16 [INFO] mixmaster.processing: Limitando picos (techo -1 dBTP, pasada 1)…
2026-07-14 17:14:17 [INFO] mixmaster.processing: Limitando picos (techo -1 dBTP, pasada 2)…
2026-07-14 17:14:18 [INFO] mixmaster.processing: Limitando picos (techo -1 dBTP, pasada 3)…
2026-07-14 17:14:19 [INFO] mixmaster.processing: Limitando picos (techo -1 dBTP, pasada 4)…
2026-07-14 17:14:21 [INFO] mixmaster.processing: Calculando score de similitud vs referencias…
2026-07-14 17:14:21 [INFO] mixmaster.processing: Exportando WAV 24-bit y MP3…
2026-07-14 17:14:22 [INFO] mixmaster.processing: Master listo.
2026-07-14 17:14:22 [INFO] mixmaster.processing: Master: {'wav': 'C:\\Users\\bruno\\AppData\\Local\\Temp\\mixmaster_test_3oui27zn\\Cancion_De_Prueba_v01\\06_masters\\master_v02_mezcla.wav', 'mp3': 'C:\\Users\\bruno\\AppData\\Local\\Temp\\mixmaster_test_3oui27zn\\Cancion_De_Prueba_v01\\07_entregables\\master_v02_mezcla.mp3', 'lufs_final': -8.7, 'true_peak_final': -1.2, 'crest_final': 9.9, 'target_lufs': -8.5, 'eq_aplicado_db': {'sub': -0.2, 'low': -0.1, 'low_mid': 0.0, 'mid': 0.1, 'high_mid': 0.0, 'high': 0.1, 'air': 0.1}, 'ajuste_ancho_db': {}, 'densidad_aplicada': False, 'fuente': 'mezcla', 'referencias': ['referencia.wav'], 'score': {'tonal': 98, 'dinamica': 76, 'imagen': 93, 'global': 91}}
2026-07-14 17:14:23 [INFO] mixmaster.stems: Procesando stem 1/3: bass_di.wav…
2026-07-14 17:14:23 [INFO] mixmaster.stems: Procesando stem 2/3: gtr_L.wav…
2026-07-14 17:14:23 [INFO] mixmaster.stems: Procesando stem 3/3: OH_drums.wav…
2026-07-14 17:14:24 [INFO] mixmaster.stems: Stems listos: 3 procesados, 0 errores.
2026-07-14 17:14:24 [INFO] mixmaster.processing: Mezcla virtual: 3 stems sumados desde C:\Users\bruno\AppData\Local\Temp\mixmaster_test_3oui27zn\Cancion_De_Prueba_v01\salida\stems_niveladas
2026-07-14 17:14:24 [INFO] mixmaster.processing: Sumando stems en mezcla virtual…
2026-07-14 17:14:24 [INFO] mixmaster.processing: Mezcla virtual: 3 stems sumados desde C:\Users\bruno\AppData\Local\Temp\mixmaster_test_3oui27zn\Cancion_De_Prueba_v01\salida\stems_niveladas
2026-07-14 17:14:24 [INFO] mixmaster.processing: Analizando 1 referencia(s) (niveladas, perfil promedio)…
2026-07-14 17:14:24 [INFO] mixmaster.processing: Matching espectral fino (1/3 octava, máx ±4 dB)…
2026-07-14 17:14:24 [INFO] mixmaster.processing: Ajustando imagen estéreo por banda…
2026-07-14 17:14:24 [INFO] mixmaster.processing: Normalizando a -8.5 LUFS (con convergencia)…
2026-07-14 17:14:24 [INFO] mixmaster.processing: Limitando picos (techo -1 dBTP, pasada 1)…
2026-07-14 17:14:25 [INFO] mixmaster.processing: Calculando score de similitud vs referencias…
2026-07-14 17:14:25 [INFO] mixmaster.processing: Exportando WAV 24-bit y MP3…
2026-07-14 17:14:25 [INFO] mixmaster.processing: Master listo.
2026-07-14 17:14:25 [INFO] mixmaster.processing: Master: {'wav': 'C:\\Users\\bruno\\AppData\\Local\\Temp\\mixmaster_test_3oui27zn\\Cancion_De_Prueba_v01\\06_masters\\master_v03_stems.wav', 'mp3': 'C:\\Users\\bruno\\AppData\\Local\\Temp\\mixmaster_test_3oui27zn\\Cancion_De_Prueba_v01\\07_entregables\\master_v03_stems.mp3', 'lufs_final': -8.5, 'true_peak_final': -1.2, 'crest_final': 9.1, 'target_lufs': -8.5, 'eq_aplicado_db': {'sub': -3.4, 'low': 0.7, 'low_mid': 0.7, 'mid': -0.7, 'high_mid': 0.0, 'high': -1.0, 'air': -0.9}, 'ajuste_ancho_db': {'low_mid': -2.0, 'high_mid': -2.0, 'high': -2.0, 'air': -2.0}, 'densidad_aplicada': False, 'fuente': 'stems', 'referencias': ['referencia.wav'], 'score': {'tonal': 36, 'dinamica': 69, 'imagen': 60, 'global': 50}}
2026-07-14 17:14:25 [INFO] mixmaster.profiles: Perfil v0.1 (perfil_bruno.md) conservado; la app usa perfiles/ y generos/
2026-07-14 17:14:25 [INFO] mixmaster.analysis: Cargando mezcla.wav…
2026-07-14 17:14:25 [INFO] mixmaster.analysis: Midiendo loudness (LUFS)…
2026-07-14 17:14:25 [INFO] mixmaster.analysis: Midiendo true peak y dinámica…
2026-07-14 17:14:26 [INFO] mixmaster.analysis: Analizando balance espectral…
2026-07-14 17:14:26 [INFO] mixmaster.analysis: Analizando imagen estéreo…
2026-07-14 17:14:26 [INFO] mixmaster.analysis: Comparando contra 2 referencia(s) (niveladas en loudness)…
2026-07-14 17:14:27 [INFO] mixmaster.analysis: Generando alertas…
2026-07-14 17:14:27 [INFO] mixmaster.analysis: Análisis completado.
2026-07-14 17:14:27 [INFO] mixmaster.profiles: Snapshot del género: math_rock_v5_20260714-171427.md
2026-07-14 17:14:27 [INFO] mixmaster.profiles: Género math_rock actualizado: - [2026-07-14] · wav mix.wav · correlación baja en mid OK si pérdida mono < 1.5 dB · estado: activa
2026-07-14 17:14:27 [INFO] mixmaster.profiles: Snapshot del género: math_rock_v6_20260714-171427.md
2026-07-14 17:14:27 [INFO] mixmaster.profiles: Género math_rock revertido a math_rock_v1_20260713-235449.md
2026-07-14 17:14:29 [INFO] mixmaster.analysis: Cargando clipeado.wav…
2026-07-14 17:14:29 [INFO] mixmaster.analysis: Midiendo loudness (LUFS)…
2026-07-14 17:14:29 [INFO] mixmaster.analysis: Midiendo true peak y dinámica…
2026-07-14 17:14:29 [INFO] mixmaster.analysis: Analizando balance espectral…
2026-07-14 17:14:29 [INFO] mixmaster.analysis: Analizando imagen estéreo…
2026-07-14 17:14:30 [INFO] mixmaster.analysis: Generando alertas…
2026-07-14 17:14:30 [INFO] mixmaster.analysis: Análisis completado.
2026-07-14 17:14:30 [INFO] mixmaster.report: Diagnóstico guardado: C:\Users\bruno\AppData\Local\Temp\mixmaster_test_3oui27zn\Cancion_De_Prueba_v01\analisis\diagnostico_v01.json
2026-07-14 17:14:30 [INFO] mixmaster.decisions: Decisión guardada en C:\Users\bruno\AppData\Local\Temp\mixmaster_test_3oui27zn\Cancion_De_Prueba_v01\decisiones-y-feedback.md
2026-07-14 17:14:30 [INFO] mixmaster.profiles: Perfil v0.1 (perfil_bruno.md) conservado; la app usa perfiles/ y generos/
2026-07-14 17:14:30 [INFO] mixmaster.profiles: Perfil v0.1 (perfil_bruno.md) conservado; la app usa perfiles/ y generos/
2026-07-14 17:19:18 [INFO] mixmaster.profiles: Perfil v0.1 (perfil_bruno.md) conservado; la app usa perfiles/ y generos/
2026-07-14 17:19:19 [INFO] mixmaster.project: Proyecto abierto: D:\PROYECTOS REPOSITORIOS\DAW IA\MixMaster\proyectos\3
2026-07-14 17:19:26 [INFO] mixmaster.profiles: Perfil v0.1 (perfil_bruno.md) conservado; la app usa perfiles/ y generos/
2026-07-14 17:19:26 [INFO] mixmaster.project: Proyecto abierto: D:\PROYECTOS REPOSITORIOS\DAW IA\MixMaster\proyectos\3
2026-07-14 17:19:27 [INFO] mixmaster.main: MixMaster iniciado
2026-07-14 17:50:51 [INFO] mixmaster.profiles: Perfil v0.1 (perfil_bruno.md) conservado; la app usa perfiles/ y generos/
2026-07-14 17:50:51 [INFO] mixmaster.project: Proyecto abierto: D:\PROYECTOS REPOSITORIOS\DAW IA\MixMaster\proyectos\3
2026-07-14 17:50:51 [INFO] mixmaster.main: MixMaster iniciado
2026-07-14 18:07:05 [INFO] mixmaster.profiles: Perfil v0.1 (perfil_bruno.md) conservado; la app usa perfiles/ y generos/
2026-07-14 18:07:05 [INFO] mixmaster.project: Proyecto abierto: D:\PROYECTOS REPOSITORIOS\DAW IA\MixMaster\proyectos\3
2026-07-14 18:07:05 [INFO] mixmaster.main: MixMaster iniciado
2026-07-14 18:09:54 [INFO] mixmaster.analysis: Cargando wav mix.wav…
2026-07-14 18:09:54 [INFO] mixmaster.analysis: Midiendo loudness (LUFS)…
2026-07-14 18:09:54 [INFO] mixmaster.analysis: Midiendo true peak y dinámica…
2026-07-14 18:09:55 [INFO] mixmaster.analysis: Analizando balance espectral…
2026-07-14 18:09:55 [INFO] mixmaster.analysis: Analizando imagen estéreo…
2026-07-14 18:09:55 [INFO] mixmaster.analysis: Comparando contra 2 referencia(s) (niveladas en loudness)…
2026-07-14 18:10:03 [INFO] mixmaster.analysis: Generando alertas…
2026-07-14 18:10:03 [INFO] mixmaster.analysis: Análisis completado.
2026-07-14 18:10:03 [INFO] mixmaster.report: Diagnóstico guardado: D:\PROYECTOS REPOSITORIOS\DAW IA\MixMaster\proyectos\3\analisis\diagnostico_v01.json
2026-07-14 18:10:17 [INFO] mixmaster.processing: Cargando mezcla…
2026-07-14 18:10:17 [INFO] mixmaster.processing: Analizando 2 referencia(s) (niveladas, perfil promedio)…
2026-07-14 18:10:24 [INFO] mixmaster.processing: Matching espectral fino (1/3 octava, máx ±4 dB)…
2026-07-14 18:10:24 [INFO] mixmaster.processing: Ajustando imagen estéreo por banda…
2026-07-14 18:10:25 [INFO] mixmaster.processing: Añadiendo densidad (saturación suave) para el empuje de loudness…
2026-07-14 18:10:25 [INFO] mixmaster.processing: Normalizando a -7.0 LUFS (con convergencia)…
2026-07-14 18:10:25 [INFO] mixmaster.processing: Limitando picos (techo -1 dBTP, pasada 1)…
2026-07-14 18:10:27 [INFO] mixmaster.processing: Limitando picos (techo -1 dBTP, pasada 2)…
2026-07-14 18:10:28 [INFO] mixmaster.processing: Limitando picos (techo -1 dBTP, pasada 3)…
2026-07-14 18:10:30 [INFO] mixmaster.processing: Limitando picos (techo -1 dBTP, pasada 4)…
2026-07-14 18:10:31 [INFO] mixmaster.processing: Calculando score de similitud vs referencias…
2026-07-14 18:10:32 [INFO] mixmaster.processing: Exportando WAV 24-bit y MP3…
2026-07-14 18:10:33 [INFO] mixmaster.processing: Master listo.
2026-07-14 18:10:33 [INFO] mixmaster.processing: Master: {'wav': 'D:\\PROYECTOS REPOSITORIOS\\DAW IA\\MixMaster\\proyectos\\3\\salida\\master_v01_wav mix.wav', 'mp3': 'D:\\PROYECTOS REPOSITORIOS\\DAW IA\\MixMaster\\proyectos\\3\\salida\\master_v01_wav mix.mp3', 'lufs_final': -7.5, 'true_peak_final': -1.2, 'crest_final': 8.5, 'target_lufs': -7.0, 'eq_aplicado_db': {'sub': -1.2, 'low': -3.7, 'low_mid': -2.0, 'mid': 2.4, 'high_mid': 3.9, 'high': 1.9, 'air': 1.9}, 'ajuste_ancho_db': {'high_mid': 1.4, 'high': 2.0, 'air': 2.0}, 'densidad_aplicada': True, 'fuente': 'mezcla', 'referencias': ['09 - Splash.mp3', 'Waterslide.mp3'], 'score': {'tonal': 82, 'dinamica': 77, 'imagen': 80, 'global': 80}}
2026-07-14 19:55:15 [INFO] mixmaster.profiles: Perfil v0.1 (perfil_bruno.md) conservado; la app usa perfiles/ y generos/
2026-07-14 19:55:15 [INFO] mixmaster.project: Proyecto abierto: D:\PROYECTOS REPOSITORIOS\DAW IA\MixMaster\proyectos\3
2026-07-14 19:55:15 [INFO] mixmaster.main: MixMaster iniciado
2026-07-14 19:55:23 [INFO] mixmaster.project: Proyecto creado: D:\PROYECTOS REPOSITORIOS\DAW IA\MixMaster\proyectos\4
2026-07-14 19:56:40 [INFO] mixmaster.profiles: Perfil v0.1 (perfil_bruno.md) conservado; la app usa perfiles/ y generos/
2026-07-14 19:56:40 [INFO] mixmaster.project: Proyecto abierto: D:\PROYECTOS REPOSITORIOS\DAW IA\MixMaster\proyectos\4
2026-07-14 19:56:40 [INFO] mixmaster.main: MixMaster iniciado
2026-07-14 19:58:37 [INFO] mixmaster.analysis: Cargando wav mix.wav…
2026-07-14 19:58:37 [INFO] mixmaster.analysis: Midiendo loudness (LUFS)…
2026-07-14 19:58:37 [INFO] mixmaster.analysis: Midiendo true peak y dinámica…
2026-07-14 19:58:38 [INFO] mixmaster.analysis: Analizando balance espectral…
2026-07-14 19:58:38 [INFO] mixmaster.analysis: Analizando imagen estéreo…
2026-07-14 19:58:38 [INFO] mixmaster.analysis: Extrayendo MFCC (cepstral)…
2026-07-14 19:58:39 [ERROR] mixmaster.ui: Fallo en el análisis
Traceback (most recent call last):
  File "D:\PROYECTOS REPOSITORIOS\DAW IA\MixMaster\mixmaster\ui\main_window.py", line 47, in run
    diag = analizar_wav(
        self.wav, self.marcadores, self.referencia,
        version=self.version, umbrales=self.umbrales,
        progreso=self.progreso.emit,
    )
  File "D:\PROYECTOS REPOSITORIOS\DAW IA\MixMaster\mixmaster\audio_analysis.py", line 854, in analizar_wav
    cepstral = cepstral_fingerprint(audio, sr)
  File "D:\PROYECTOS REPOSITORIOS\DAW IA\MixMaster\mixmaster\audio_analysis.py", line 530, in cepstral_fingerprint
    mfcc_mean = [float(x) for x in np.mean(mfcc_raw)]
                                   ~~~~~~~^^^^^^^^^^
TypeError: 'numpy.float64' object is not iterable
2026-07-14 19:58:48 [INFO] mixmaster.analysis: Cargando wav mix.wav…
2026-07-14 19:58:48 [INFO] mixmaster.analysis: Midiendo loudness (LUFS)…
2026-07-14 19:58:48 [INFO] mixmaster.analysis: Midiendo true peak y dinámica…
2026-07-14 19:58:48 [INFO] mixmaster.analysis: Analizando balance espectral…
2026-07-14 19:58:48 [INFO] mixmaster.analysis: Analizando imagen estéreo…
2026-07-14 19:58:49 [INFO] mixmaster.analysis: Extrayendo MFCC (cepstral)…
2026-07-14 19:58:49 [ERROR] mixmaster.ui: Fallo en el análisis
Traceback (most recent call last):
  File "D:\PROYECTOS REPOSITORIOS\DAW IA\MixMaster\mixmaster\ui\main_window.py", line 47, in run
    diag = analizar_wav(
        self.wav, self.marcadores, self.referencia,
        version=self.version, umbrales=self.umbrales,
        progreso=self.progreso.emit,
    )
  File "D:\PROYECTOS REPOSITORIOS\DAW IA\MixMaster\mixmaster\audio_analysis.py", line 854, in analizar_wav
    cepstral = cepstral_fingerprint(audio, sr)
  File "D:\PROYECTOS REPOSITORIOS\DAW IA\MixMaster\mixmaster\audio_analysis.py", line 530, in cepstral_fingerprint
    mfcc_mean = [float(x) for x in np.mean(mfcc_raw)]
                                   ~~~~~~~^^^^^^^^^^
TypeError: 'numpy.float64' object is not iterable
2026-07-14 20:10:21 [INFO] mixmaster.profiles: Perfil v0.1 (perfil_bruno.md) conservado; la app usa perfiles/ y generos/
2026-07-14 20:10:21 [INFO] mixmaster.project: Proyecto abierto: D:\PROYECTOS REPOSITORIOS\DAW IA\MixMaster\proyectos\4
2026-07-14 20:10:21 [INFO] mixmaster.main: MixMaster iniciado
2026-07-14 20:13:22 [INFO] mixmaster.analysis: Cargando wav mix.wav…
2026-07-14 20:13:22 [INFO] mixmaster.analysis: Midiendo loudness (LUFS)…
2026-07-14 20:13:22 [INFO] mixmaster.analysis: Midiendo true peak y dinámica…
2026-07-14 20:13:22 [INFO] mixmaster.analysis: Analizando balance espectral…
2026-07-14 20:13:22 [INFO] mixmaster.analysis: Analizando imagen estéreo…
2026-07-14 20:13:23 [INFO] mixmaster.analysis: Extrayendo MFCC (cepstral)…
2026-07-14 20:13:23 [ERROR] mixmaster.ui: Fallo en el análisis
Traceback (most recent call last):
  File "D:\PROYECTOS REPOSITORIOS\DAW IA\MixMaster\mixmaster\ui\main_window.py", line 47, in run
    diag = analizar_wav(
        self.wav, self.marcadores, self.referencia,
        version=self.version, umbrales=self.umbrales,
        progreso=self.progreso.emit,
    )
  File "D:\PROYECTOS REPOSITORIOS\DAW IA\MixMaster\mixmaster\audio_analysis.py", line 854, in analizar_wav
    cepstral = cepstral_fingerprint(audio, sr)
  File "D:\PROYECTOS REPOSITORIOS\DAW IA\MixMaster\mixmaster\audio_analysis.py", line 530, in cepstral_fingerprint
    mfcc_mean = [float(x) for x in np.mean(mfcc_raw)]
                                   ~~~~~~~^^^^^^^^^^
TypeError: 'numpy.float64' object is not iterable
